Gerber	39.96875	-122.21875	1	0	0
Gerber	39.96875	-122.15625	1	0	0
Gerber	40.03125	-122.21875	1	0	0
Gerber	40.03125	-122.15625	1	0	0
Gerber	40.03125	-122.09375	1	0	0
Gerber	40.09375	-122.21875	1	0	0
Gerber	40.09375	-122.15625	1	0	0
Gerber	40.09375	-122.09375	1	0	0
WBA_02	40.71875	-122.40625	0.044646697662	36.65909957886	1.63670773546
WBA_02	40.71875	-122.46875	0.46323261541	36.66099929810	16.98257058840
WBA_02	40.71875	-122.53125	0.403885079713	36.66299819946	14.80763795030
WBA_02	40.28125	-122.15625	0.12180743709	36.88819885254	4.49325696111
WBA_02	40.28125	-122.21875	0.701777945078	36.88999938965	25.88858796560
WBA_02	40.28125	-122.28125	0.590710040287	36.89179992676	21.79235662100
WBA_02	40.28125	-122.34375	0.687890451129	36.89369964600	25.37882369330
WBA_02	40.28125	-122.40625	0.930304821865	36.89569854736	34.32424626470
WBA_02	40.28125	-122.46875	0.144693065952	36.89770126343	5.33884152240
WBA_02	40.28125	-122.53125	0.168126082847	36.89970016479	6.20380204692
WBA_02	40.28125	-122.59375	0.0879583735137	36.90179824829	3.24582215365
WBA_02	40.34375	-122.15625	0.128520104851	36.85449981689	4.73654418069
WBA_02	40.34375	-122.21875	0.855593668391	36.85630035400	31.53401722320
WBA_02	40.34375	-122.28125	0.99999931639	36.85820007324	36.85817487660
WBA_02	40.34375	-122.34375	0.999999119938	36.86009979248	36.86006735330
WBA_02	40.34375	-122.40625	0.996755497626	36.86199951172	36.74240066680
WBA_02	40.34375	-122.46875	0.766873241638	36.86399841309	28.27001396280
WBA_02	40.34375	-122.53125	0.782144887963	36.86610031128	28.83463189760
WBA_02	40.34375	-122.59375	0.404947265851	36.86809921265	14.92963597330
WBA_02	40.34375	-122.65625	0.00228194329559	36.87030029297	0.08413593456
WBA_02	40.40625	-122.21875	0.87592535421	36.82260131836	32.25385010270
WBA_02	40.40625	-122.28125	0.999999218352	36.82450103760	36.82447225380
WBA_02	40.40625	-122.34375	0.999998861954	36.82640075684	36.82635884670
WBA_02	40.40625	-122.40625	0.999999913964	36.82830047607	36.82829730750
WBA_02	40.40625	-122.46875	0.840383109203	36.83029937744	30.95156150370
WBA_02	40.40625	-122.53125	0.0301911818851	36.83229827881	1.11201061658
WBA_02	40.46875	-122.21875	0.198570844748	36.78889846802	7.30520264616
WBA_02	40.46875	-122.28125	0.527269166335	36.79069900513	19.39860119330
WBA_02	40.46875	-122.34375	0.868619759042	36.79259872437	31.95877823850
WBA_02	40.46875	-122.40625	1.0000011065	36.79449844360	36.79453915660
WBA_02	40.46875	-122.46875	1.00000059875	36.79650115967	36.79652319170
WBA_02	40.46875	-122.53125	0.650701276521	36.79859924316	23.94489550170
WBA_02	40.46875	-122.59375	0.0196583088522	36.80059814453	0.72343752427
WBA_02	40.53125	-122.34375	0.167688528252	36.75880050659	6.16402915725
WBA_02	40.53125	-122.40625	0.998568992032	36.76070022583	36.70809537090
WBA_02	40.53125	-122.46875	1.00000043281	36.76269912720	36.76271503850
WBA_02	40.53125	-122.53125	0.357701492629	36.76470184326	13.15078872540
WBA_02	40.53125	-122.59375	0.0646763752118	36.76679992676	2.37794334740
WBA_02	40.59375	-122.34375	0.0426321067905	36.72499847412	1.56566405683
WBA_02	40.59375	-122.40625	0.483712648927	36.72689819336	17.76526521200
WBA_02	40.59375	-122.46875	0.942087337406	36.72890090942	34.60183246360
WBA_02	40.59375	-122.53125	0.216354875323	36.73089981079	7.94690924907
WBA_02	40.65625	-122.46875	0.788121456	36.69499969482	28.92011658740
WBA_02	40.65625	-122.53125	0.465410314237	36.69699859619	17.07916164820
WBA_02	40.21875	-122.40625	0.0249764677088	36.92929840088	0.92236342902
WBA_02	40.21875	-122.46875	0.0945855322984	36.93130111694	3.49316677462
WBA_03	40.71875	-122.21875	0.384916875646	36.65349960327	14.10855054880
WBA_03	40.71875	-122.28125	0.81114872463	36.65530014038	29.73289995980
WBA_03	40.71875	-122.34375	0.80349696078	36.65719985962	29.45394867790
WBA_03	40.71875	-122.40625	0.431999522654	36.65909957886	15.83671351900
WBA_03	40.71875	-122.46875	0.0571281594348	36.66099929810	2.09437541294
WBA_03	40.78125	-122.28125	0.00326072357442	36.62129974365	0.11941193540
WBA_03	40.78125	-122.34375	0.000200769930204	36.62319946289	0.00735283720
WBA_03	40.28125	-122.09375	0.0640864808691	36.88639831543	2.36391945997
WBA_03	40.28125	-122.15625	0.260256844913	36.88819885254	9.60040624788
WBA_03	40.28125	-122.21875	0.186986442834	36.88999938965	6.89792976201
WBA_03	40.34375	-121.96875	0.229992205154	36.84949874878	8.47509747606
WBA_03	40.34375	-122.03125	0.489943432689	36.85110092163	18.05495488390
WBA_03	40.34375	-122.09375	0.967453408499	36.85279846191	35.65336548470
WBA_03	40.34375	-122.15625	0.871481072859	36.85449981689	32.11799904010
WBA_03	40.34375	-122.21875	0.144407212958	36.85630035400	5.32231561405
WBA_03	40.40625	-122.03125	0.10448080012	36.81740188599	3.84671160739
WBA_03	40.40625	-122.09375	0.414605108791	36.81909942627	15.26538672320
WBA_03	40.40625	-122.15625	0.912909134109	36.82089996338	33.61413590270
WBA_03	40.40625	-122.21875	0.124075572817	36.82260131836	4.56878535118
WBA_03	40.46875	-121.84375	0.022417580788	36.77899932861	0.82449618875
WBA_03	40.46875	-121.90625	0.184307611758	36.78049850464	6.77892583866
WBA_03	40.46875	-121.96875	0.45451775047	36.78210067749	16.71811765750
WBA_03	40.46875	-122.03125	0.946671106407	36.78369903564	34.82206506380
WBA_03	40.46875	-122.09375	0.999999546806	36.78540039062	36.78538371970
WBA_03	40.46875	-122.15625	1.00000031974	36.78710174561	36.78711350800
WBA_03	40.46875	-122.21875	0.801429022753	36.78889846802	29.48369094740
WBA_03	40.46875	-122.28125	0.472731533233	36.79069900513	17.39212354940
WBA_03	40.46875	-122.34375	0.131380443647	36.79259872437	4.83382794332
WBA_03	40.53125	-121.84375	0.0452197331158	36.74520111084	1.66160818752
WBA_03	40.53125	-121.96875	0.00723231213225	36.74829864502	0.26577516613
WBA_03	40.53125	-122.03125	0.184762138854	36.74990081787	6.78999027777
WBA_03	40.53125	-122.09375	0.328635704173	36.75159835815	12.07788740590
WBA_03	40.53125	-122.15625	0.724055121334	36.75329971313	26.61141488320
WBA_03	40.53125	-122.21875	1.0000001536	36.75510025024	36.75510589570
WBA_03	40.53125	-122.28125	1.00000085532	36.75690078735	36.75693222640
WBA_03	40.53125	-122.34375	0.83231168605	36.75880050659	30.59477922680
WBA_03	40.53125	-122.40625	0.00143199572823	36.76070022583	0.05264116569
WBA_03	40.59375	-122.15625	0.000681295526116	36.71950149536	0.02501683209
WBA_03	40.59375	-122.21875	0.572473778194	36.72129821777	21.02198033090
WBA_03	40.59375	-122.28125	0.999999936226	36.72309875488	36.72309641290
WBA_03	40.59375	-122.34375	0.957367034909	36.72499847412	35.15930289620
WBA_03	40.59375	-122.40625	0.516287110855	36.72689819336	18.96162415890
WBA_03	40.59375	-122.46875	0.0579116083328	36.72890090942	2.12702972396
WBA_03	40.65625	-122.21875	0.300065818978	36.68740081787	11.00863497260
WBA_03	40.65625	-122.28125	1.00000037682	36.68920135498	36.68921518010
WBA_03	40.65625	-122.34375	0.99999945708	36.69110107422	36.69108115390
WBA_03	40.65625	-122.40625	0.999999924177	36.69300079346	36.69299801130
WBA_03	40.65625	-122.46875	0.211877602108	36.69499969482	7.77484854471
WBA_03	40.21875	-122.21875	0.0627483225715	36.92359924316	2.31689391581
WBA_04	40.28125	-122.15625	0.0263569716707	36.88819885254	0.97226121214
WBA_04	40.28125	-122.21875	0.0982208626693	36.88999938965	3.62336756392
WBA_04	40.28125	-122.28125	0.409290862879	36.89179992676	15.09947662520
WBA_04	40.28125	-122.34375	0.312110399995	36.89369964600	11.51490735380
WBA_04	40.28125	-122.40625	0.0676843012064	36.89569854736	2.49725957370
WBA_04	39.84375	-122.03125	0.076365230098	37.11899948120	2.83460093639
WBA_04	39.84375	-122.09375	0.978683366207	37.12070083618	36.32941245030
WBA_04	39.84375	-122.15625	0.999999428282	37.12250137329	37.12248014970
WBA_04	39.84375	-122.21875	1.00000031809	37.12429809570	37.12430990450
WBA_04	39.84375	-122.28125	0.99918531631	37.12620162964	37.09595551870
WBA_04	39.84375	-122.34375	0.759910311157	37.12810134888	28.21402704870
WBA_04	39.84375	-122.40625	0.733067337682	37.13010025024	27.21886373830
WBA_04	39.84375	-122.46875	0.807405144008	37.13219833374	29.98072794300
WBA_04	39.84375	-122.53125	0.312285607619	37.13420104980	11.59647653830
WBA_04	39.90625	-122.03125	0.0352791679903	37.08570098877	1.30835267522
WBA_04	39.90625	-122.09375	0.725613928734	37.08739852905	26.91113295320
WBA_04	39.90625	-122.15625	1.00000119636	37.08909988403	37.08914425580
WBA_04	39.90625	-122.21875	0.999999189527	37.09099960327	37.09096954200
WBA_04	39.90625	-122.28125	1.00000124978	37.09280014038	37.09284649820
WBA_04	39.90625	-122.34375	0.999999373105	37.09479904175	37.09477578720
WBA_04	39.90625	-122.40625	0.999998794594	37.09680175781	37.09675704110
WBA_04	39.90625	-122.46875	0.999999738539	37.09880065918	37.09879095930
WBA_04	39.90625	-122.53125	0.781292067509	37.10089874268	28.98663788510
WBA_04	39.90625	-122.59375	0.50125079318	37.10300064087	18.59790850060
WBA_04	39.90625	-122.65625	0.0692789624941	37.10520172119	2.57060987838
WBA_04	39.96875	-122.09375	0.521826540115	37.05400085449	19.33576106330
WBA_04	39.96875	-122.15625	0.999998987149	37.05580139160	37.05576385960
WBA_04	39.96875	-122.21875	0.999999622263	37.05759811401	37.05758411600
WBA_04	39.96875	-122.28125	0.999998768655	37.05950164795	37.05945601490
WBA_04	39.96875	-122.34375	0.999999432833	37.06140136719	37.06138034720
WBA_04	39.96875	-122.40625	0.999998825333	37.06340026855	37.06335673140
WBA_04	39.96875	-122.46875	0.999999605621	37.06539916992	37.06538455210
WBA_04	39.96875	-122.53125	0.937580090655	37.06750106812	34.75375101180
WBA_04	39.96875	-122.59375	0.209753623719	37.06959915161	7.77548275187
WBA_04	39.96875	-122.65625	0.00094527765878	37.07180023193	0.03504314453
WBA_04	40.03125	-122.09375	0.170874706502	37.02059936523	6.32588405105
WBA_04	40.03125	-122.15625	1.00000104646	37.02230072021	37.02233946240
WBA_04	40.03125	-122.21875	0.999998748128	37.02420043945	37.02415408990
WBA_04	40.03125	-122.28125	1.00000053466	37.02600097656	37.02602077270
WBA_04	40.03125	-122.34375	1.00000104172	37.02790069580	37.02793926850
WBA_04	40.03125	-122.40625	1.0000002844	37.02989959717	37.02991012860
WBA_04	40.03125	-122.46875	1.0000009283	37.03189849854	37.03193287530
WBA_04	40.03125	-122.53125	0.481106745586	37.03400039673	17.81730740690
WBA_04	40.03125	-122.59375	0.204622635962	37.03609848022	7.57842409677
WBA_04	40.03125	-122.65625	0.406612791777	37.03829956055	15.06024638700
WBA_04	40.03125	-122.71875	0.106218698865	37.04050064087	3.93439378339
WBA_04	40.09375	-122.09375	0.060659444429	36.98709869385	2.24361685781
WBA_04	40.09375	-122.15625	0.908672367583	36.98889923096	33.61079063850
WBA_04	40.09375	-122.21875	0.999999436354	36.99069976807	36.99067891840
WBA_04	40.09375	-122.28125	1.00000110668	36.99250030518	36.99254124390
WBA_04	40.09375	-122.34375	0.999998808057	36.99449920654	36.99445511120
WBA_04	40.09375	-122.40625	1.00000056269	36.99639892578	36.99641974320
WBA_04	40.09375	-122.46875	1.0000009657	36.99840164185	36.99843737120
WBA_04	40.09375	-122.53125	1.00000017715	37.00049972534	37.00050627980
WBA_04	40.09375	-122.59375	1.00000068806	37.00260162354	37.00262708370
WBA_04	40.09375	-122.65625	0.844517163279	37.00479888916	31.25118778560
WBA_04	40.09375	-122.71875	0.204094819099	37.00699996948	7.55293696416
WBA_04	40.15625	-122.15625	0.26652161917	36.95539855957	9.84941266116
WBA_04	40.15625	-122.21875	0.677627903069	36.95719909668	25.04322932720
WBA_04	40.15625	-122.28125	1.00000044199	36.95899963379	36.95901596930
WBA_04	40.15625	-122.34375	1.00000069227	36.96089935303	36.96092494000
WBA_04	40.15625	-122.40625	0.999999628406	36.96289825439	36.96288451920
WBA_04	40.15625	-122.46875	0.999999866131	36.96490097046	36.96489602200
WBA_04	40.15625	-122.53125	0.862701145583	36.96699905396	31.89147243260
WBA_04	40.15625	-122.59375	0.309097095577	36.96910095215	11.42704173040
WBA_04	40.15625	-122.65625	0.0303667158828	36.97119903564	1.12269389696
WBA_04	40.21875	-122.15625	0.0473812579684	36.92179870605	1.74940126915
WBA_04	40.21875	-122.21875	0.70119677597	36.92359924316	25.89070874650
WBA_04	40.21875	-122.28125	1.0000012661	36.92539978027	36.92544653150
WBA_04	40.21875	-122.34375	1.00000137311	36.92729949951	36.92735020480
WBA_04	40.21875	-122.40625	0.975023702054	36.92929840088	36.00694124110
WBA_04	40.21875	-122.46875	0.627553018474	36.93130111694	23.17634949210
WBA_04	40.21875	-122.53125	0.0773769334136	36.93339920044	2.85779317067
WBA_04	39.78125	-122.03125	0.0276949973251	37.15230178833	1.02893289865
WBA_04	39.78125	-122.09375	0.23789011536	37.15399932861	8.83856918637
WBA_04	39.78125	-122.15625	0.235971802013	37.15579986572	8.76772104954
WBA_04	39.78125	-122.21875	0.224486195518	37.15760040283	8.34136834900
WBA_04	39.78125	-122.28125	0.186731761314	37.15950012207	6.93885890733
WBA_05	39.84375	-121.78125	0.000373026636498	37.11259841919	0.01384398776
WBA_05	39.84375	-121.84375	0.596496702555	37.11410140991	22.13843910930
WBA_05	39.84375	-121.90625	0.998957433312	37.11569976807	37.07700417590
WBA_05	39.84375	-121.96875	1.00000016706	37.11729812622	37.11730432690
WBA_05	39.84375	-122.03125	0.923634187499	37.11899948120	34.28437692660
WBA_05	39.84375	-122.09375	0.0213166799458	37.12070083618	0.79129009909
WBA_05	39.90625	-121.84375	0.221359700723	37.08079910278	8.20819459196
WBA_05	39.90625	-121.90625	0.90687814366	37.08240127563	33.62921923130
WBA_05	39.90625	-121.96875	0.999999552141	37.08399963379	37.08398302540
WBA_05	39.90625	-122.03125	0.96471949391	37.08570098877	35.77729868920
WBA_05	39.90625	-122.09375	0.274385343796	37.08739852905	10.17623859590
WBA_05	39.96875	-121.90625	0.495912140223	37.04899978638	18.37304877720
WBA_05	39.96875	-121.96875	1.00000049768	37.05059814453	37.05061658400
WBA_05	39.96875	-122.03125	0.999999498106	37.05229949951	37.05228090320
WBA_05	39.96875	-122.09375	0.478173334488	37.05400085449	17.71823514470
WBA_05	40.03125	-121.90625	0.0363020550219	37.01559829712	1.34374228605
WBA_05	40.03125	-121.96875	0.649518909759	37.01720046997	24.04337169160
WBA_05	40.03125	-122.03125	0.903733588003	37.01890182495	33.45522497020
WBA_05	40.03125	-122.09375	0.829124672037	37.02059936523	30.69469230730
WBA_05	40.09375	-121.96875	0.0149338803316	36.98369979858	0.55231014701
WBA_05	40.09375	-122.03125	0.618702230401	36.98540115356	22.88295018600
WBA_05	40.09375	-122.09375	0.939340891306	36.98709869385	34.74349425390
WBA_05	40.09375	-122.15625	0.091326837507	36.98889923096	3.37807918963
WBA_05	40.15625	-122.03125	0.0401413721296	36.95190048218	1.48329998815
WBA_05	40.15625	-122.09375	0.739907324531	36.95360183716	27.34224066710
WBA_05	40.15625	-122.15625	0.733477198965	36.95539855957	27.10594222210
WBA_05	40.15625	-122.21875	0.322371039419	36.95719909668	11.91393068680
WBA_05	40.21875	-122.09375	0.0763208383431	36.91999816895	2.81776521188
WBA_05	40.21875	-122.15625	0.689064286476	36.92179870605	25.44149288080
WBA_05	40.21875	-122.21875	0.236054819067	36.92359924316	8.71599353863
WBA_05	39.71875	-121.90625	0.40803796499	37.18220138550	15.17174978720
WBA_05	39.71875	-121.96875	0.301562945587	37.18379974365	11.21325617880
WBA_05	39.78125	-121.78125	0.0450815885101	37.14590072632	1.67459621138
WBA_05	39.78125	-121.84375	0.303613142256	37.14739990234	11.27843881100
WBA_05	39.78125	-121.90625	0.851538311049	37.14899826050	31.63379523590
WBA_05	39.78125	-121.96875	0.99684905018	37.15060043335	37.03354075560
WBA_05	39.78125	-122.03125	0.459817844895	37.15230178833	17.08329134120
WBA_05	39.78125	-122.09375	0.00130188828832	37.15399932861	0.04837035659
WBA_06	39.84375	-122.28125	0.000814410562428	37.12620162964	0.03023597075
WBA_06	39.84375	-122.34375	0.0111073022656	37.12810134888	0.41239304423
WBA_06	39.71875	-122.09375	0.253830950066	37.18719863892	9.43926196080
WBA_06	39.71875	-122.15625	0.321160339163	37.18899917603	11.94363158850
WBA_06	39.71875	-122.21875	0.669370140469	37.19089889526	24.89447721770
WBA_06	39.71875	-122.28125	0.0229291825018	37.19269943237	0.85279819302
WBA_06	39.71875	-122.34375	0.094093261054	37.19469833374	3.49977046014
WBA_06	39.71875	-122.40625	0.236805598129	37.19670104980	8.80838704053
WBA_06	39.71875	-122.46875	0.0160615566819	37.19869995117	0.59746902776
WBA_06	39.78125	-122.09375	0.0951316208317	37.15399932861	3.53452017651
WBA_06	39.78125	-122.15625	0.645710302298	37.15579986572	23.99188276340
WBA_06	39.78125	-122.21875	0.77551393906	37.15760040283	28.81623705440
WBA_06	39.78125	-122.28125	0.506292475978	37.15950012207	18.81357532290
WBA_06	39.78125	-122.34375	0.468954052189	37.16139984131	17.42698904060
WBA_07N	39.34375	-122.21875	0.00986862306246	37.38940048218	0.36898189989
WBA_07N	39.34375	-122.28125	0.687766605977	37.39130020142	25.71648763260
WBA_07N	39.34375	-122.34375	0.217689655663	37.39329910278	8.14013440577
WBA_07N	39.40625	-122.21875	0.0130068998941	37.35639953613	0.48589094917
WBA_07N	39.40625	-122.28125	0.945939413364	37.35839843750	35.33878150220
WBA_07N	39.40625	-122.34375	0.891157601934	37.36029815674	33.29391371290
WBA_07N	39.40625	-122.40625	0.312534015053	37.36240005493	11.67702090120
WBA_07N	39.40625	-122.46875	0.0777793977695	37.36439895630	2.90618044884
WBA_07N	39.46875	-122.21875	0.337098472164	37.32339859009	12.58166064070
WBA_07N	39.46875	-122.28125	1.00000065248	37.32529830933	37.32532266330
WBA_07N	39.46875	-122.34375	0.999999694195	37.32730102539	37.32728961050
WBA_07N	39.46875	-122.40625	1.00000021918	37.32929992676	37.32930810850
WBA_07N	39.46875	-122.46875	0.594190342694	37.33140182495	22.18195844360
WBA_07N	39.53125	-122.15625	0.227970814486	37.28850173950	8.50069011251
WBA_07N	39.53125	-122.21875	0.850347625785	37.29029846191	31.70971676190
WBA_07N	39.53125	-122.28125	1.00000130972	37.29219818115	37.29224702360
WBA_07N	39.53125	-122.34375	1.000000182	37.29420089722	37.29420768490
WBA_07N	39.53125	-122.40625	1.00000059327	37.29619979858	37.29622192540
WBA_07N	39.53125	-122.46875	0.911659226858	37.29830169678	34.00334088800
WBA_07N	39.53125	-122.53125	0.00238668052151	37.30039978027	0.08902413760
WBA_07N	39.59375	-122.09375	0.0748302399788	37.25360107422	2.78769590846
WBA_07N	39.59375	-122.15625	0.942786796831	37.25540161133	35.12390074980
WBA_07N	39.59375	-122.21875	1.00000066723	37.25719833374	37.25722319270
WBA_07N	39.59375	-122.28125	1.00000064116	37.25910186768	37.25912575670
WBA_07N	39.59375	-122.34375	0.999999485264	37.26110076904	37.26108158940
WBA_07N	39.59375	-122.40625	0.999999757178	37.26309967041	37.26309062210
WBA_07N	39.59375	-122.46875	0.992009586618	37.26520156860	36.96743720330
WBA_07N	39.59375	-122.53125	0.0839523189975	37.26729965210	3.12867622857
WBA_07N	39.65625	-122.03125	0.443776391669	37.21870040894	16.51678057010
WBA_07N	39.65625	-122.09375	0.950815113296	37.22040176392	35.38972052010
WBA_07N	39.65625	-122.15625	1.00000050778	37.22219848633	37.22221738690
WBA_07N	39.65625	-122.21875	0.999999008874	37.22409820557	37.22406131180
WBA_07N	39.65625	-122.28125	0.999998856681	37.22600173950	37.22595917830
WBA_07N	39.65625	-122.34375	1.00000024091	37.22790145874	37.22791042740
WBA_07N	39.65625	-122.40625	1.00000033195	37.22990036011	37.22991271850
WBA_07N	39.65625	-122.46875	0.477535130993	37.23199844360	17.77958725390
WBA_07N	39.71875	-122.03125	0.702951965202	37.18550109863	26.13962107430
WBA_07N	39.71875	-122.09375	0.746169860414	37.18719863892	27.74796681760
WBA_07N	39.71875	-122.15625	0.678840120636	37.18899917603	25.24538468700
WBA_07N	39.71875	-122.21875	0.330628707863	37.19089889526	12.29637884600
WBA_07N	39.71875	-122.28125	0.977072139977	37.19269943237	36.33995042590
WBA_07N	39.71875	-122.34375	0.878119118153	37.19469833374	32.66137570080
WBA_07N	39.71875	-122.40625	0.341381969108	37.19670104980	12.69828304870
WBA_07N	39.71875	-122.46875	0.0318726152773	37.19869995117	1.18561985236
WBA_07N	39.78125	-122.03125	0.232288790187	37.15230178833	8.63006323509
WBA_07N	39.78125	-122.09375	0.66567606745	37.15399932861	24.73252816310
WBA_07N	39.78125	-122.15625	0.118317116158	37.15579986572	4.39616708864
WBA_07N	39.78125	-122.28125	0.306975545409	37.15950012207	11.40705781710
WBA_07N	39.78125	-122.34375	0.0196835906342	37.16139984131	0.73146978187
WBA_07S	39.34375	-122.28125	0.210017628803	37.39130020142	7.85283220616
WBA_07S	39.34375	-122.34375	0.782310798106	37.39329910278	29.25318166490
WBA_07S	39.34375	-122.40625	1.00000122054	37.39530181885	37.39534746130
WBA_07S	39.34375	-122.46875	0.276477592325	37.39739990234	10.33954308420
WBA_07S	39.40625	-122.34375	0.108843136617	37.36029815674	4.06641203634
WBA_07S	39.40625	-122.40625	0.687464662921	37.36240005493	25.68532975970
WBA_07S	39.40625	-122.46875	0.252362143252	37.36439895630	9.42935980192
WBA_07S	38.84375	-121.84375	0.132062547923	37.64099884033	4.97096621322
WBA_07S	38.84375	-121.90625	0.551371284188	37.64260101318	20.75504926080
WBA_07S	38.84375	-121.96875	1.00000064762	37.64429855347	37.64432293250
WBA_07S	38.84375	-122.03125	0.999999207706	37.64609909058	37.64606926380
WBA_07S	38.84375	-122.09375	0.999999203693	37.64789962769	37.64786964840
WBA_07S	38.84375	-122.15625	0.585478241216	37.64970016479	22.04308023480
WBA_07S	38.84375	-122.21875	0.000391897241431	37.65159988403	0.01475555813
WBA_07S	38.90625	-121.90625	0.100637818286	37.61000061035	3.78498840717
WBA_07S	38.90625	-121.96875	0.946170730805	37.61169815063	35.58708792600
WBA_07S	38.90625	-122.03125	0.999999086736	37.61349868774	37.61346433670
WBA_07S	38.90625	-122.09375	0.999998960991	37.61529922485	37.61526014220
WBA_07S	38.90625	-122.15625	1.00000031747	37.61709976196	37.61711170430
WBA_07S	38.90625	-122.21875	0.440979860456	37.61899948120	16.58922114170
WBA_07S	38.90625	-122.28125	0.230252808311	37.62099838257	8.66234052906
WBA_07S	38.90625	-122.34375	0.0544106209875	37.62300109863	2.04709085319
WBA_07S	38.96875	-121.90625	0.041168484213	37.57740020752	1.54700460721
WBA_07S	38.96875	-121.96875	0.699488294817	37.57910156250	26.28614167270
WBA_07S	38.96875	-122.03125	1.00000043406	37.58079910278	37.58081541500
WBA_07S	38.96875	-122.09375	1.00000016949	37.58259963989	37.58260600970
WBA_07S	38.96875	-122.15625	0.999998744035	37.58449935913	37.58445215430
WBA_07S	38.96875	-122.21875	0.999998756979	37.58639907837	37.58635235770
WBA_07S	38.96875	-122.28125	1.00000020163	37.58829879761	37.58830637670
WBA_07S	38.96875	-122.34375	0.091389935662	37.59030151367	3.43537523685
WBA_07S	39.03125	-121.96875	0.0524339227026	37.54639816284	1.96870493903
WBA_07S	39.03125	-122.03125	0.870338988883	37.54809951782	32.67957496880
WBA_07S	39.03125	-122.09375	1.00000017854	37.54990005493	37.54990675910
WBA_07S	39.03125	-122.15625	1.00000125388	37.55170059204	37.55174767730
WBA_07S	39.03125	-122.21875	1.00000113543	37.55360031128	37.55364295060
WBA_07S	39.03125	-122.28125	0.999999799477	37.55559921265	37.55559168190
WBA_07S	39.03125	-122.34375	0.496232173089	37.55759811401	18.63728852810
WBA_07S	39.03125	-122.40625	0.0627907490705	37.55970001221	2.35840169863
WBA_07S	39.09375	-122.03125	0.0485100408485	37.51539993286	1.81987358319
WBA_07S	39.09375	-122.09375	0.57742595637	37.51720046997	21.66340536170
WBA_07S	39.09375	-122.15625	0.809870448932	37.51900100708	30.38553018910
WBA_07S	39.09375	-122.21875	0.894593286719	37.52090072632	33.56594590140
WBA_07S	39.09375	-122.28125	1.00000083557	37.52280044556	37.52283179830
WBA_07S	39.09375	-122.34375	1.00000080563	37.52479934692	37.52482957800
WBA_07S	39.09375	-122.40625	0.490290565888	37.52690124512	18.39908564750
WBA_07S	39.15625	-122.15625	0.00948634536091	37.48619842529	0.35560702453
WBA_07S	39.15625	-122.21875	0.31418724596	37.48809814453	11.77828231230
WBA_07S	39.15625	-122.28125	0.971645273308	37.49000167847	36.42698292720
WBA_07S	39.15625	-122.34375	1.00000048848	37.49200057983	37.49201889400
WBA_07S	39.15625	-122.40625	0.629904520169	37.49409866333	23.61770222770
WBA_07S	39.21875	-122.28125	0.808555427506	37.45719909668	30.28622162880
WBA_07S	39.21875	-122.34375	0.999998966771	37.45920181274	37.45916310880
WBA_07S	39.21875	-122.40625	0.644864208365	37.46120071411	24.15738754290
WBA_07S	39.28125	-122.28125	0.523924904143	37.42430114746	19.60752339130
WBA_07S	39.28125	-122.34375	0.999998994316	37.42630004883	37.42626240980
WBA_07S	39.28125	-122.40625	0.96930325599	37.42829895020	36.27937203860
WBA_07S	39.28125	-122.46875	0.137296146302	37.43040084839	5.13904979104
WBA_07S	38.71875	-121.65625	0.0963442356836	37.70140075684	3.63231264012
WBA_07S	38.71875	-121.71875	0.305561396593	37.70289993286	11.52055075910
WBA_07S	38.71875	-121.78125	0.351512874602	37.70439910889	13.25358171590
WBA_07S	38.71875	-121.84375	0.5338008792	37.70600128174	20.12749663530
WBA_07S	38.71875	-121.90625	0.304258341122	37.70769882202	11.47288189110
WBA_07S	38.78125	-121.71875	0.257891726166	37.67039871216	9.71488414923
WBA_07S	38.78125	-121.78125	0.811384669593	37.67200088501	30.56648399100
WBA_07S	38.78125	-121.84375	0.97057075321	37.67350006104	36.56479733030
WBA_07S	38.78125	-121.90625	0.981711548073	37.67520141602	36.98618030610
WBA_07S	38.78125	-121.96875	0.556765861586	37.67689895630	20.97721110930
WBA_07S	38.78125	-122.03125	0.245762176437	37.67860031128	9.25997481759
WBA_07S	38.78125	-122.09375	0.26422564146	37.68040084839	9.95612808464
WBA_07S	38.78125	-122.15625	0.0589078719845	37.68230056763	2.21978413792
WBA_08N	39.34375	-122.03125	0.665790334182	37.38399887085	24.88990510130
WBA_08N	39.34375	-122.09375	1.00000080269	37.38570022583	37.38573023500
WBA_08N	39.34375	-122.15625	0.995490371268	37.38750076294	37.21889701530
WBA_08N	39.34375	-122.21875	0.704933073331	37.38940048218	26.35702499190
WBA_08N	39.34375	-122.28125	0.0596954844249	37.39130020142	2.23209177880
WBA_08N	39.40625	-122.03125	0.890192533434	37.35100173950	33.24958286480
WBA_08N	39.40625	-122.09375	0.999998945155	37.35279846191	37.35275906050
WBA_08N	39.40625	-122.15625	0.999999248419	37.35459899902	37.35457092400
WBA_08N	39.40625	-122.21875	0.986994074957	37.35639953613	36.87054500390
WBA_08N	39.40625	-122.28125	0.0540593899227	37.35839843750	2.01957222802
WBA_08N	39.46875	-121.96875	0.051944507408	37.31629943848	1.93837679262
WBA_08N	39.46875	-122.03125	0.995461320543	37.31800079346	37.14862634990
WBA_08N	39.46875	-122.09375	1.00000121449	37.31969833374	37.31974365800
WBA_08N	39.46875	-122.15625	1.00000136111	37.32149887085	37.32154966950
WBA_08N	39.46875	-122.21875	0.662901829722	37.32339859009	24.74174921680
WBA_08N	39.53125	-121.96875	0.0480293651394	37.28319931030	1.79068839324
WBA_08N	39.53125	-122.03125	0.971095469191	37.28490066528	36.20719810530
WBA_08N	39.53125	-122.09375	0.999999491886	37.28670120239	37.28668225650
WBA_08N	39.53125	-122.15625	0.772028686334	37.28850173950	28.78779301330
WBA_08N	39.53125	-122.21875	0.149653456345	37.29029846191	5.58062205295
WBA_08N	39.59375	-121.96875	0.108081031232	37.25009918213	4.02602913311
WBA_08N	39.59375	-122.03125	0.994045155168	37.25180053711	37.02997184520
WBA_08N	39.59375	-122.09375	0.925169092468	37.25360107422	34.46588029700
WBA_08N	39.59375	-122.15625	0.057212441029	37.25540161133	2.13147246770
WBA_08N	39.65625	-121.96875	0.310718387451	37.21699905396	11.56400593180
WBA_08N	39.65625	-122.03125	0.556223211913	37.21870040894	20.70190508470
WBA_08N	39.65625	-122.09375	0.0491855209251	37.22040176392	1.83070484980
WBA_08N	39.71875	-121.96875	0.674681681997	37.18379974365	25.08722855410
WBA_08N	39.71875	-122.03125	0.297047844452	37.18550109863	11.04587294620
WBA_08N	39.78125	-121.96875	0.00315042249344	37.15060043335	0.11704008725
WBA_08N	39.78125	-122.03125	0.280197207258	37.15230178833	10.40997120430
WBA_08N	39.28125	-122.03125	0.304622618021	37.41690063477	11.39803422960
WBA_08N	39.28125	-122.09375	0.521640122551	37.41870117188	19.51909586500
WBA_08N	39.28125	-122.15625	0.119458185464	37.42050170898	4.47018523331
WBA_08S	39.34375	-122.15625	0.00451086012647	37.38750076294	0.16864978642
WBA_08S	39.34375	-122.21875	0.285198728936	37.38940048218	10.66340949320
WBA_08S	39.34375	-122.28125	0.0425213265986	37.39130020142	1.58992768781
WBA_08S	38.84375	-121.71875	0.298728736811	37.63790130615	11.24352271340
WBA_08S	38.84375	-121.78125	0.845681096312	37.63940048218	31.83092946430
WBA_08S	38.84375	-121.84375	0.867937253822	37.64099884033	32.67002516460
WBA_08S	38.84375	-121.90625	0.448629525632	37.64260101318	16.88758223610
WBA_08S	38.90625	-121.78125	0.0684173223744	37.60680007935	2.57295656450
WBA_08S	38.90625	-121.84375	0.880984421542	37.60839843750	33.13241314260
WBA_08S	38.90625	-121.90625	0.899363139914	37.61000061035	33.82504824110
WBA_08S	38.90625	-121.96875	0.0538299516297	37.61169815063	2.02463589216
WBA_08S	38.96875	-121.78125	0.0393646795888	37.57419967651	1.47909633107
WBA_08S	38.96875	-121.84375	0.761787390035	37.57580184937	28.62477201930
WBA_08S	38.96875	-121.90625	0.958831399004	37.57740020752	36.03039121190
WBA_08S	38.96875	-121.96875	0.300511085669	37.57910156250	11.29293660900
WBA_08S	39.03125	-121.78125	0.00954798683419	37.54150009155	0.35844574861
WBA_08S	39.03125	-121.84375	0.74020226952	37.54309844971	27.78948667730
WBA_08S	39.03125	-121.90625	1.00000024311	37.54470062256	37.54470975000
WBA_08S	39.03125	-121.96875	0.94756581703	37.54639816284	35.57768345170
WBA_08S	39.03125	-122.03125	0.129661584084	37.54809951782	4.86854606284
WBA_08S	39.09375	-121.84375	0.0537324190982	37.51039886475	2.01552447234
WBA_08S	39.09375	-121.90625	0.652377927831	37.51200103760	24.47200150570
WBA_08S	39.09375	-121.96875	0.999998766587	37.51369857788	37.51365230800
WBA_08S	39.09375	-122.03125	0.951489442919	37.51539993286	35.69550698300
WBA_08S	39.09375	-122.09375	0.422573013191	37.51720046997	15.85375644910
WBA_08S	39.09375	-122.15625	0.190129450676	37.51900100708	7.13346705139
WBA_08S	39.09375	-122.21875	0.105406374753	37.52090072632	3.95494212302
WBA_08S	39.15625	-121.90625	0.0928116707435	37.47919845581	3.47850702681
WBA_08S	39.15625	-121.96875	0.974803853001	37.48089981079	36.53652554950
WBA_08S	39.15625	-122.03125	0.999999831851	37.48260116577	37.48259486310
WBA_08S	39.15625	-122.09375	0.999999211342	37.48440170288	37.48437214050
WBA_08S	39.15625	-122.15625	0.990513770427	37.48619842529	37.13059574120
WBA_08S	39.15625	-122.21875	0.685812489942	37.48809814453	25.70980593170
WBA_08S	39.15625	-122.28125	0.0283553947388	37.49000167847	1.06304379635
WBA_08S	39.21875	-121.90625	0.00298873790699	37.44639968872	0.11191747423
WBA_08S	39.21875	-121.96875	0.137274789086	37.44800186157	5.14066655723
WBA_08S	39.21875	-122.03125	0.960050743768	37.44979858398	35.95370698450
WBA_08S	39.21875	-122.09375	1.00000097497	37.45149993896	37.45153645310
WBA_08S	39.21875	-122.15625	0.999998996494	37.45339965820	37.45336207350
WBA_08S	39.21875	-122.21875	1.00000111948	37.45520019531	37.45524212550
WBA_08S	39.21875	-122.28125	0.191443961427	37.45719909668	7.17095457903
WBA_08S	39.28125	-121.96875	0.00163860253748	37.41519927979	0.06130864048
WBA_08S	39.28125	-122.03125	0.442204731103	37.41690063477	16.54593048390
WBA_08S	39.28125	-122.09375	0.478358654219	37.41870117188	17.89955953520
WBA_08S	39.28125	-122.15625	0.880541138773	37.42050170898	32.95029118830
WBA_08S	39.28125	-122.21875	0.999998686428	37.42240142822	37.42235227120
WBA_08S	39.28125	-122.28125	0.47607455102	37.42430114746	17.81675736600
WBA_08S	38.78125	-121.71875	0.12808143033	37.67039871216	4.82487854816
WBA_08S	38.78125	-121.78125	0.188614076902	37.67200088501	7.10546967199
WBA_08S	38.78125	-121.84375	0.029430300243	37.67350006104	1.10874241800
WBA_09	39.34375	-121.90625	0.628660461765	37.38059997559	23.49970524170
WBA_09	39.34375	-121.96875	0.999998832539	37.38230133057	37.38225768820
WBA_09	39.34375	-122.03125	0.334208818304	37.38399887085	12.49406208610
WBA_09	39.40625	-121.90625	0.51344611338	37.34759902954	19.17597956580
WBA_09	39.40625	-121.96875	0.999999892905	37.34930038452	37.34929638460
WBA_09	39.40625	-122.03125	0.109807443791	37.35100173950	4.10141802405
WBA_09	39.46875	-121.90625	0.10292207633	37.31460189819	3.84049630478
WBA_09	39.46875	-121.96875	0.846497689718	37.31629943848	31.58816126350
WBA_09	39.46875	-122.03125	0.00453839952674	37.31800079346	0.16936399714
WBA_09	39.53125	-121.90625	0.152951707146	37.28160095215	5.70228451076
WBA_09	39.53125	-121.96875	0.817259815248	37.28319931030	30.47006058020
WBA_09	39.53125	-122.03125	0.0289054122551	37.28490066528	1.07773542462
WBA_09	39.59375	-121.90625	0.451603765118	37.24850082397	16.82156321710
WBA_09	39.59375	-121.96875	0.891920107532	37.25009918213	33.22411246810
WBA_09	39.59375	-122.03125	0.00595569836977	37.25180053711	0.22186048773
WBA_09	39.65625	-121.84375	0.0132917566307	37.21379852295	0.49463675327
WBA_09	39.65625	-121.90625	0.549326900506	37.21540069580	20.44342071530
WBA_09	39.65625	-121.96875	0.689281631042	37.21699905396	25.65299381040
WBA_09	39.71875	-121.90625	0.349614412757	37.18220138550	12.99943350240
WBA_09	39.71875	-121.96875	0.0237557249966	37.18379974365	0.88332812104
WBA_09	39.15625	-121.96875	0.00167812208025	37.48089981079	0.06289752556
WBA_09	39.21875	-121.90625	0.0306762201026	37.44639968872	1.14871399890
WBA_09	39.21875	-121.96875	0.812652403001	37.44800186157	30.43220870040
WBA_09	39.21875	-122.03125	0.0399483410688	37.44979858398	1.49605732679
WBA_09	39.28125	-121.90625	0.216468940453	37.41350173950	8.09886108019
WBA_09	39.28125	-121.96875	0.975752670993	37.41519927979	36.50798063300
WBA_09	39.28125	-122.03125	0.253172316624	37.41690063477	9.47292341460
WBA_10	39.84375	-121.84375	0.00753322691615	37.11410140991	0.27958894771
WBA_10	39.84375	-121.90625	0.00104213120975	37.11569976807	0.03867942910
WBA_10	39.53125	-121.59375	0.114286444959	37.27420043945	4.25993585693
WBA_10	39.53125	-121.65625	0.393485699098	37.27560043335	14.66741569580
WBA_10	39.53125	-121.71875	0.115470559049	37.27700042725	4.30439607901
WBA_10	39.59375	-121.53125	0.120606771689	37.23979949951	4.49137199597
WBA_10	39.59375	-121.59375	0.697099277454	37.24110031128	25.96074411860
WBA_10	39.59375	-121.65625	0.999999443048	37.24250030518	37.24247956290
WBA_10	39.59375	-121.71875	0.765462589298	37.24390029907	28.50881235850
WBA_10	39.59375	-121.78125	0.560573016277	37.24539947510	20.87876592620
WBA_10	39.59375	-121.84375	0.41047048089	37.24689865112	15.28875240100
WBA_10	39.59375	-121.90625	0.190068867864	37.24850082397	7.07978038125
WBA_10	39.65625	-121.53125	0.260273657366	37.20669937134	9.68392372389
WBA_10	39.65625	-121.59375	0.946436997122	37.20800018311	35.21502796220
WBA_10	39.65625	-121.65625	0.757115961767	37.20940017700	28.17183080180
WBA_10	39.65625	-121.71875	0.971076955173	37.21080017090	36.13455052950
WBA_10	39.65625	-121.78125	0.999998846905	37.21229934692	37.21225643760
WBA_10	39.65625	-121.84375	0.986707869546	37.21379852295	36.71914785830
WBA_10	39.65625	-121.90625	0.450672130688	37.21540069580	16.77194392600
WBA_10	39.71875	-121.59375	0.0707041691818	37.17480087280	2.62841341021
WBA_10	39.71875	-121.65625	0.0310551428754	37.17620086670	1.15451222948
WBA_10	39.71875	-121.71875	0.736234221372	37.17760086060	27.37142202210
WBA_10	39.71875	-121.78125	0.944330109304	37.17910003662	35.10934360140
WBA_10	39.71875	-121.84375	1.00000018853	37.18059921265	37.18060622240
WBA_10	39.71875	-121.90625	0.242347144044	37.18220138550	9.01100031503
WBA_10	39.78125	-121.65625	0.000494267971373	37.14300155640	0.01835859603
WBA_10	39.78125	-121.71875	0.136935877645	37.14440155029	5.08640122590
WBA_10	39.78125	-121.78125	0.463419988973	37.14590072632	17.21415290500
WBA_10	39.78125	-121.84375	0.696091591268	37.14739990234	25.85799270950
WBA_10	39.78125	-121.90625	0.148460545137	37.14899826050	5.51516053303
WBA_11	39.34375	-121.59375	0.00607752784927	37.37310028076	0.22713605777
WBA_11	39.34375	-121.65625	0.874445372744	37.37450027466	32.68195882380
WBA_11	39.34375	-121.71875	0.999998821841	37.37599945068	37.37595541580
WBA_11	39.34375	-121.78125	0.703517962631	37.37739944458	26.29567190570
WBA_11	39.34375	-121.84375	0.448527084661	37.37900161743	16.76549462300
WBA_11	39.34375	-121.90625	0.105867563208	37.38059997559	3.95739303066
WBA_11	39.40625	-121.59375	0.0333105481622	37.34019851685	1.24382248108
WBA_11	39.40625	-121.65625	0.957205718007	37.34159851074	35.74359161400
WBA_11	39.40625	-121.71875	1.00000031694	37.34299850464	37.34301034000
WBA_11	39.40625	-121.78125	1.00000001553	37.34450149536	37.34450207520
WBA_11	39.40625	-121.84375	1.00000123359	37.34600067139	37.34604674090
WBA_11	39.40625	-121.90625	0.486555119978	37.34759902954	18.17166552670
WBA_11	39.46875	-121.59375	0.407844371814	37.30720138550	15.21553211320
WBA_11	39.46875	-121.65625	0.939459996152	37.30860137939	35.04993850830
WBA_11	39.46875	-121.71875	1.00000050864	37.31000137329	37.31002035050
WBA_11	39.46875	-121.78125	1.00000019773	37.31150054932	37.31150792710
WBA_11	39.46875	-121.84375	1.00000130596	37.31299972534	37.31304845480
WBA_11	39.46875	-121.90625	0.897079006554	37.31460189819	33.47414600080
WBA_11	39.46875	-121.96875	0.101557544375	37.31629943848	3.78975173612
WBA_11	39.53125	-121.46875	0.0461194465891	37.27159881592	1.71894551088
WBA_11	39.53125	-121.53125	0.464941793434	37.27289962769	17.32972879940
WBA_11	39.53125	-121.59375	0.833317079022	37.27420043945	31.06122783310
WBA_11	39.53125	-121.65625	0.606513092008	37.27560043335	22.60813967530
WBA_11	39.53125	-121.71875	0.884529040883	37.27700042725	32.97258943490
WBA_11	39.53125	-121.78125	0.999999190794	37.27849960327	37.27846943730
WBA_11	39.53125	-121.84375	1.00000018053	37.27999877930	37.28000550960
WBA_11	39.53125	-121.90625	0.847048141705	37.28160095215	31.57931080630
WBA_11	39.53125	-121.96875	0.134711845202	37.28319931030	5.02248857412
WBA_11	39.59375	-121.46875	4.43115243135e-05	37.23849868774	0.00165009464
WBA_11	39.59375	-121.53125	0.633110093488	37.23979949951	23.57689294260
WBA_11	39.59375	-121.59375	0.302900868259	37.24110031128	11.28036161920
WBA_11	39.59375	-121.71875	0.234537553834	37.24390029907	8.73509327139
WBA_11	39.59375	-121.78125	0.439426579815	37.24539947510	16.36661850520
WBA_11	39.59375	-121.84375	0.58953001667	37.24689865112	21.95816478270
WBA_11	39.59375	-121.90625	0.35832742837	37.24850082397	13.34715951090
WBA_11	39.03125	-121.65625	0.0198228598167	37.53850173950	0.74412045771
WBA_11	39.03125	-121.71875	0.536279182691	37.54000091553	20.13192100920
WBA_11	39.09375	-121.65625	0.0228057091085	37.50579833984	0.85534632682
WBA_11	39.09375	-121.71875	0.958732063594	37.50730133057	35.95945240450
WBA_11	39.09375	-121.78125	0.0921165007802	37.50880050659	3.45517945113
WBA_11	39.15625	-121.71875	0.740256374637	37.47449874878	27.74073658510
WBA_11	39.15625	-121.78125	0.0157495261459	37.47600173950	0.59022926924
WBA_11	39.21875	-121.65625	0.421799573998	37.44029998779	15.79230258520
WBA_11	39.21875	-121.71875	0.961397261722	37.44169998169	35.99634783660
WBA_11	39.21875	-121.78125	0.521890110904	37.44319915771	19.54123536100
WBA_11	39.28125	-121.59375	0.00688714552185	37.40599822998	0.25762055320
WBA_11	39.28125	-121.65625	0.929124779908	37.40739822388	34.75614064170
WBA_11	39.28125	-121.71875	0.999998767561	37.40890121460	37.40885511040
WBA_11	39.28125	-121.78125	0.304232910347	37.41040039062	11.38147498810
WBA_12	39.34375	-121.46875	0.0953618139029	37.37049865723	3.56371853841
WBA_12	39.34375	-121.53125	0.837254176395	37.37179946899	31.28969518480
WBA_12	39.34375	-121.59375	0.977742406153	37.37310028076	36.54126499390
WBA_12	39.34375	-121.65625	0.125554964704	37.37450027466	4.69255406280
WBA_12	39.40625	-121.53125	0.261382430618	37.33890151978	9.75973283584
WBA_12	39.40625	-121.59375	0.808626562887	37.34019851685	30.19427638420
WBA_12	39.40625	-121.65625	0.0427935754705	37.34159851074	1.59798051406
WBA_12	39.46875	-121.53125	0.0969482833168	37.30590057373	3.61674301821
WBA_12	39.46875	-121.59375	0.44062564687	37.30720138550	16.43850974340
WBA_12	39.46875	-121.65625	0.0605396126687	37.30860137939	2.25864827672
WBA_12	39.53125	-121.53125	0.108075763548	37.27289962769	4.02829708690
WBA_12	39.53125	-121.59375	0.0523958590799	37.27420043945	1.95301375354
WBA_12	39.28125	-121.53125	0.0178878132701	37.40470123291	0.66908831108
WBA_12	39.28125	-121.59375	0.0584761104123	37.40599822998	2.18735728258
WBA_12	39.28125	-121.65625	0.0180218093192	37.40739822388	0.67414899792
WBA_13	39.34375	-121.34375	0.0026050937471	37.36809921265	0.09734740160
WBA_13	39.34375	-121.40625	0.457101179192	37.36930084229	17.08155148060
WBA_13	39.34375	-121.46875	0.649152385926	37.37049865723	24.25914836660
WBA_13	39.34375	-121.53125	0.0552120831271	37.37179946899	2.06337489889
WBA_13	39.40625	-121.34375	0.012899239796	37.33520126343	0.48159571393
WBA_13	39.40625	-121.40625	0.942708785805	37.33639907837	35.19735144150
WBA_13	39.40625	-121.46875	0.999999381286	37.33760070801	37.33757760670
WBA_13	39.40625	-121.53125	0.738616340427	37.33890151978	27.57912279610
WBA_13	39.40625	-121.59375	0.15806258439	37.34019851685	5.90208827921
WBA_13	39.46875	-121.34375	0.223482037349	37.30220031738	8.33637172454
WBA_13	39.46875	-121.40625	0.993355206635	37.30339813232	37.05552475990
WBA_13	39.46875	-121.46875	1.00000004618	37.30459976196	37.30460148470
WBA_13	39.46875	-121.53125	0.903051088795	37.30590057373	33.68913413160
WBA_13	39.46875	-121.59375	0.151530081584	37.30720138550	5.65316326960
WBA_13	39.53125	-121.40625	0.150360358983	37.27040100098	5.60399087396
WBA_13	39.53125	-121.46875	0.389249919413	37.27159881592	14.50796683550
WBA_13	39.53125	-121.53125	0.426311297292	37.27289962769	15.88985819410
WBA_14	39.34375	-121.28125	0.0804990767518	37.36700057983	3.00800904766
WBA_14	39.34375	-121.34375	0.528429027884	37.36809921265	19.74638834080
WBA_14	39.34375	-121.40625	0.540537175521	37.36930084229	20.19949632850
WBA_14	39.34375	-121.46875	0.157414453115	37.37049865723	5.88265660878
WBA_14	39.34375	-121.53125	0.0226049931567	37.37179946899	0.84478927125
WBA_14	39.15625	-121.21875	0.00591983978067	37.46440124512	0.22178325285
WBA_14	39.15625	-121.28125	0.0237669190098	37.46549987793	0.89043950126
WBA_14	39.15625	-121.34375	0.0100053264211	37.46659851074	0.37486554799
WBA_14	39.15625	-121.40625	0.0539301948254	37.46780014038	2.02064576125
WBA_14	39.21875	-121.21875	0.132481914937	37.43159866333	4.95900987006
WBA_14	39.21875	-121.28125	0.771276221901	37.43270111084	28.87095228830
WBA_14	39.21875	-121.34375	0.844399764239	37.43379974365	31.60909167810
WBA_14	39.21875	-121.40625	0.860335695764	37.43500137329	32.20666795240
WBA_14	39.21875	-121.46875	0.321393081803	37.43619918823	12.03173542810
WBA_14	39.28125	-121.28125	0.41197974893	37.39989852905	15.40800080600
WBA_14	39.28125	-121.34375	0.999999528827	37.40100097656	37.40098335420
WBA_14	39.28125	-121.40625	0.999998996883	37.40219879150	37.40216127270
WBA_14	39.28125	-121.46875	0.812293151535	37.40340042114	30.38252600620
WBA_14	39.28125	-121.53125	0.1717894385	37.40470123291	6.42573262207
WBA_15N	39.34375	-121.46875	0.098071589873	37.37049865723	3.66498421766
WBA_15N	39.34375	-121.53125	0.0849284745222	37.37179946899	3.17392991905
WBA_15N	39.34375	-121.59375	0.0161807160631	37.37310028076	0.60472352404
WBA_15N	39.15625	-121.46875	0.000479824420206	37.46900177002	0.01797854205
WBA_15N	39.15625	-121.53125	0.253290319762	37.47029876709	9.49086395630
WBA_15N	39.15625	-121.59375	0.600943231307	37.47169876099	22.51836373600
WBA_15N	39.21875	-121.46875	0.52203765587	37.43619918823	19.54310566890
WBA_15N	39.21875	-121.53125	1.00000054419	37.43750000000	37.43752037330
WBA_15N	39.21875	-121.59375	0.935123034424	37.43889999390	35.00997776780
WBA_15N	39.21875	-121.65625	0.0444401703433	37.44029998779	1.66385330916
WBA_15N	39.28125	-121.46875	0.187706658004	37.40340042114	7.02086729105
WBA_15N	39.28125	-121.53125	0.810322117874	37.40470123291	30.30985672150
WBA_15N	39.28125	-121.59375	0.93463725539	37.40599822998	34.96103952080
WBA_15N	39.28125	-121.65625	0.0528537029116	37.40739822388	1.97711951242
WBA_15S	38.90625	-121.59375	0.0314778535938	37.60240173340	1.18364289654
WBA_15S	38.96875	-121.40625	0.0274205545783	37.56589889526	1.03007778094
WBA_15S	38.96875	-121.46875	0.185210307049	37.56710052490	6.95781422316
WBA_15S	38.96875	-121.53125	0.468105054133	37.56840133667	17.58595854140
WBA_15S	38.96875	-121.59375	0.324794654104	37.56980133057	12.20247062790
WBA_15S	39.03125	-121.34375	0.0367578363645	37.53200149536	1.37959516940
WBA_15S	39.03125	-121.40625	0.676360896611	37.53319931030	25.38598833820
WBA_15S	39.03125	-121.46875	0.99999948395	37.53450012207	37.53448075240
WBA_15S	39.03125	-121.53125	0.99999942527	37.53580093384	37.53577936090
WBA_15S	39.03125	-121.59375	0.604577302672	37.53710174561	22.69407972350
WBA_15S	39.09375	-121.34375	0.360368274318	37.49929809570	13.51355734290
WBA_15S	39.09375	-121.40625	1.0000009401	37.50049972534	37.50053497940
WBA_15S	39.09375	-121.46875	0.999999360238	37.50180053711	37.50177654490
WBA_15S	39.09375	-121.53125	0.999999203941	37.50310134888	37.50307149420
WBA_15S	39.09375	-121.59375	0.5490576885	37.50439834595	20.59207826440
WBA_15S	39.15625	-121.34375	0.07688023848	37.46659851074	2.88044102854
WBA_15S	39.15625	-121.40625	0.874277080321	37.46780014038	32.75723891280
WBA_15S	39.15625	-121.46875	0.999520860357	37.46900177002	37.45104888590
WBA_15S	39.15625	-121.53125	0.74671020745	37.47029876709	27.97945456560
WBA_15S	39.15625	-121.59375	0.14309177111	37.47169876099	5.36189174222
WBA_15S	39.21875	-121.34375	0.0344932694985	37.43379974365	1.29121414291
WBA_15S	39.21875	-121.40625	0.139664192473	37.43500137329	5.22832923703
WBA_15S	39.21875	-121.46875	0.156570161746	37.43619918823	5.86139176207
WBA_16	38.90625	-121.59375	0.483033862073	37.60240173340	18.16323333250
WBA_16	38.90625	-121.65625	0.0296448119588	37.60380172729	1.11475763114
WBA_16	38.96875	-121.59375	0.65705816437	37.56980133057	24.68554469800
WBA_16	38.96875	-121.65625	0.74764704826	37.57120132446	28.08999776980
WBA_16	38.96875	-121.71875	0.107072957588	37.57270050049	4.02302016715
WBA_16	39.03125	-121.59375	0.395423503927	37.53710174561	14.84305229950
WBA_16	39.03125	-121.65625	0.980178134555	37.53850173950	36.79441860900
WBA_16	39.03125	-121.71875	0.0790773382654	37.54000091553	2.96856335088
WBA_16	39.09375	-121.59375	0.450942923883	37.50439834595	16.91234304860
WBA_16	39.09375	-121.65625	0.977194991359	37.50579833984	36.65047828460
WBA_16	39.09375	-121.71875	0.0161021316598	37.50730133057	0.60394750423
WBA_16	39.15625	-121.59375	0.255964093438	37.47169876099	9.59140940292
WBA_16	39.15625	-121.65625	0.99999907708	37.47309875488	37.47306417020
WBA_16	39.15625	-121.71875	0.143963830062	37.47449874878	5.39497236953
WBA_16	39.21875	-121.59375	0.0648759848264	37.43889999390	2.42888550792
WBA_16	39.21875	-121.65625	0.533759165023	37.44029998779	19.98410325970
WBA_16	39.21875	-121.71875	0.0386029881169	37.44169998169	1.44536149947
WBA_17N	39.34375	-121.78125	0.29648341094	37.37739944458	11.08177887940
WBA_17N	39.34375	-121.84375	0.551472864735	37.37900161743	20.61350510290
WBA_17N	39.34375	-121.90625	0.265472032575	37.38059997559	9.92350385438
WBA_17N	39.21875	-121.78125	0.164268653358	37.44319915771	6.15074390305
WBA_17N	39.21875	-121.84375	0.589732007449	37.44480133057	22.08239785720
WBA_17N	39.21875	-121.90625	0.71916103216	37.44639968872	26.92999145080
WBA_17N	39.21875	-121.96875	0.0497842403838	37.44800186157	1.86432032657
WBA_17N	39.28125	-121.78125	0.695765836279	37.41040039062	26.02887851330
WBA_17N	39.28125	-121.84375	1.00000020513	37.41189956665	37.41190724110
WBA_17N	39.28125	-121.90625	0.783531377352	37.41350173950	29.31465254950
WBA_17N	39.28125	-121.96875	0.0226080503641	37.41519927979	0.84588470970
WBA_17S	38.84375	-121.59375	0.0238181616253	37.63499832153	0.89639647279
WBA_17S	38.84375	-121.65625	0.37940657533	37.63639831543	14.27949699260
WBA_17S	38.90625	-121.59375	0.0845672361953	37.60240173340	3.17993118890
WBA_17S	38.90625	-121.65625	0.233148795237	37.60380172729	8.76728106905
WBA_17S	38.96875	-121.65625	0.157100820716	37.57120132446	5.90246656336
WBA_17S	38.96875	-121.71875	0.160771955575	37.57270050049	6.04063653568
WBA_17S	39.03125	-121.71875	0.28265539398	37.54000091553	10.61088374880
WBA_17S	39.03125	-121.78125	0.0102868646988	37.54150009155	0.38618433203
WBA_17S	39.09375	-121.71875	0.0251653031939	37.50730133057	0.94388260997
WBA_17S	39.09375	-121.78125	0.294213145674	37.50880050659	11.03558218750
WBA_17S	39.09375	-121.84375	4.88864436396e-08	37.51039886475	0.00000183375
WBA_17S	39.15625	-121.71875	0.115780319106	37.47449874878	4.33880942346
WBA_17S	39.15625	-121.78125	0.984251107044	37.47600173950	36.88579619970
WBA_17S	39.15625	-121.84375	0.713733400442	37.47760009766	26.74901495810
WBA_17S	39.15625	-121.90625	0.208635316001	37.47919845581	7.81948441329
WBA_17S	39.21875	-121.78125	0.313841590581	37.44319915771	11.75123318010
WBA_17S	39.21875	-121.84375	0.410267165738	37.44480133057	15.36237251350
WBA_17S	39.21875	-121.90625	0.19908031106	37.44639968872	7.45484089810
WBA_17S	38.78125	-121.59375	0.00538852126625	37.66749954224	0.20297212233
WBA_17S	38.78125	-121.65625	0.319076894202	37.66889953613	12.01927547200
WBA_18	39.03125	-121.71875	0.0245337147714	37.54000091553	0.92099567498
WBA_18	39.03125	-121.78125	0.561089252679	37.54150009155	21.06413223080
WBA_18	39.03125	-121.84375	0.204303460307	37.54309844971	7.67018492391
WBA_18	39.09375	-121.78125	0.613670168918	37.50880050659	23.01803194280
WBA_18	39.09375	-121.84375	0.94626648926	37.51039886475	35.49483344450
WBA_18	39.09375	-121.90625	0.347621463702	37.51200103760	13.03997670710
WBA_18	39.15625	-121.84375	0.286266256955	37.47760009766	10.72857229960
WBA_18	39.15625	-121.90625	0.698553103735	37.47919845581	26.18121040680
WBA_18	39.15625	-121.96875	0.0235172792489	37.48089981079	0.88144878735
WBA_18	39.21875	-121.90625	0.0480931736172	37.44639968872	1.80091620157
WBA_18	39.21875	-121.96875	0.000289737761446	37.44800186157	0.01085010023
WBA_19	38.84375	-121.65625	0.513862084842	37.63639831543	19.33991810430
WBA_19	38.84375	-121.71875	0.701270828676	37.63790130615	26.39436223860
WBA_19	38.84375	-121.78125	0.154319210765	37.63940048218	5.80848257607
WBA_19	38.84375	-121.84375	7.72452934189e-08	37.64099884033	0.00000290759
WBA_19	38.90625	-121.65625	0.737207216623	37.60380172729	27.72179400580
WBA_19	38.90625	-121.71875	1.00000003298	37.60530090332	37.60530214370
WBA_19	38.90625	-121.78125	0.931583354616	37.60680007935	35.03386897430
WBA_19	38.90625	-121.84375	0.119015724666	37.60839843750	4.47599079357
WBA_19	38.96875	-121.65625	0.0952523394066	37.57120132446	3.57874482047
WBA_19	38.96875	-121.71875	0.732154390998	37.57270050049	27.50901765310
WBA_19	38.96875	-121.78125	0.960635157934	37.57419967651	36.09509724050
WBA_19	38.96875	-121.84375	0.238211705313	37.57580184937	8.95099583705
WBA_19	39.03125	-121.71875	0.0774543780482	37.54000091553	2.90763742284
WBA_19	39.03125	-121.78125	0.419076331061	37.54150009155	15.73275412090
WBA_19	39.03125	-121.84375	0.055493945374	37.54309844971	2.08341465454
WBA_19	38.78125	-121.65625	0.364043168178	37.66889953613	13.71310552890
WBA_19	38.78125	-121.71875	0.134688873636	37.67039871216	5.07378357195
WBA_20	38.84375	-122.15625	0.414522429028	37.64970016479	15.60664516450
WBA_20	38.84375	-122.21875	0.999609021078	37.65159988403	37.63687890210
WBA_20	38.84375	-122.28125	0.561708770013	37.65359878540	21.15035666030
WBA_20	38.90625	-122.21875	0.559020570492	37.61899948120	21.02979455130
WBA_20	38.90625	-122.28125	0.366076219383	37.62099838257	13.77215285730
WBA_20	38.46875	-121.96875	0.00193526975532	37.83900070190	0.07322867363
WBA_20	38.46875	-122.03125	0.0712758552291	37.84069824219	2.69712812968
WBA_20	38.53125	-121.65625	0.355411491063	37.79859924316	13.43405651710
WBA_20	38.53125	-121.71875	0.761209828044	37.80009841919	28.77380641770
WBA_20	38.53125	-121.78125	0.647857278034	37.80170059204	24.49010685060
WBA_20	38.53125	-121.84375	0.461782086489	37.80329895020	17.45688626540
WBA_20	38.53125	-121.90625	0.474864736598	37.80490112305	17.95221441390
WBA_20	38.53125	-121.96875	0.739697358533	37.80659866333	27.96544116640
WBA_20	38.53125	-122.03125	0.931181911552	37.80839920044	35.20649744020
WBA_20	38.53125	-122.09375	0.642271657409	37.81019973755	24.28441965240
WBA_20	38.59375	-121.65625	0.294999383394	37.76630020142	11.14103527250
WBA_20	38.59375	-121.71875	0.871168074975	37.76779937744	32.90210107970
WBA_20	38.59375	-121.78125	1.00000015959	37.76929855347	37.76930458120
WBA_20	38.59375	-121.84375	1.00000006714	37.77090072632	37.77090326210
WBA_20	38.59375	-121.90625	0.999998921763	37.77259826660	37.77255753880
WBA_20	38.59375	-121.96875	0.999999121281	37.77429962158	37.77426642860
WBA_20	38.59375	-122.03125	1.00000079289	37.77600097656	37.77603092880
WBA_20	38.59375	-122.09375	0.991689454413	37.77790069580	37.46394572990
WBA_20	38.59375	-122.15625	0.141058078861	37.77970123291	5.32913207587
WBA_20	38.65625	-121.71875	0.631363891905	37.73540115356	23.82476973490
WBA_20	38.65625	-121.78125	0.999999978308	37.73690032959	37.73689951100
WBA_20	38.65625	-121.84375	0.999999873534	37.73849868774	37.73849391510
WBA_20	38.65625	-121.90625	1.00000115435	37.74010086060	37.74014442580
WBA_20	38.65625	-121.96875	1.00000134703	37.74179840088	37.74184924020
WBA_20	38.65625	-122.03125	1.00000025463	37.74359893799	37.74360854880
WBA_20	38.65625	-122.09375	1.00000063818	37.74539947510	37.74542356330
WBA_20	38.65625	-122.15625	0.797610858965	37.74729919434	30.10765573400
WBA_20	38.65625	-122.21875	0.0626472758316	37.74919891357	2.36488447676
WBA_20	38.71875	-121.71875	0.421270862069	37.70289993286	15.88313315720
WBA_20	38.71875	-121.78125	0.648488475824	37.70439910889	24.45086831000
WBA_20	38.71875	-121.84375	0.466200139396	37.70600128174	17.57854305360
WBA_20	38.71875	-121.90625	0.695741296636	37.70769882202	26.23480327160
WBA_20	38.71875	-121.96875	0.999999616523	37.70940017700	37.70938571630
WBA_20	38.71875	-122.03125	1.00000105384	37.71110153198	37.71114127340
WBA_20	38.71875	-122.09375	0.9999986677	37.71300125122	37.71295100620
WBA_20	38.71875	-122.15625	1.00000038627	37.71480178833	37.71481635660
WBA_20	38.71875	-122.21875	0.599773491257	37.71670150757	22.62147774190
WBA_20	38.78125	-121.90625	0.0182879196565	37.67520141602	0.68900105654
WBA_20	38.78125	-121.96875	0.443233559407	37.67689895630	16.69966603180
WBA_20	38.78125	-122.03125	0.754238556831	37.67860031128	28.41865312220
WBA_20	38.78125	-122.09375	0.735775199634	37.68040084839	27.72430445650
WBA_20	38.78125	-122.15625	0.941091927797	37.68230056763	35.46250888500
WBA_20	38.78125	-122.21875	0.994772018311	37.68420028687	37.48718797780
WBA_20	38.78125	-122.28125	0.124022019263	37.68619918823	4.67391852167
WBA_21	38.53125	-121.65625	0.00386283370743	37.79859924316	0.14600970325
WBA_21	38.59375	-121.53125	0.21322262895	37.76350021362	8.05203279389
WBA_21	38.59375	-121.59375	0.793520794254	37.76480102539	29.96715490450
WBA_21	38.59375	-121.65625	0.684713285317	37.76630020142	25.85908748520
WBA_21	38.59375	-121.71875	0.128830908453	37.76779937744	4.86565990408
WBA_21	38.65625	-121.53125	7.13702576985e-05	37.73109817505	0.00269287820
WBA_21	38.65625	-121.59375	0.434622576339	37.73239898682	16.39935245910
WBA_21	38.65625	-121.65625	0.976010822653	37.73389816284	36.82869298780
WBA_21	38.65625	-121.71875	0.368635010692	37.73540115356	13.91059000770
WBA_21	38.71875	-121.59375	0.227246966032	37.70000076294	8.56721079277
WBA_21	38.71875	-121.65625	0.878357254126	37.70140075684	33.11529884550
WBA_21	38.71875	-121.71875	0.273168128004	37.70289993286	10.29923059500
WBA_21	38.78125	-121.59375	0.235919978673	37.66749954224	8.88651568868
WBA_21	38.78125	-121.65625	0.279607595736	37.66889953613	10.53251043330
WBA_21	38.78125	-121.71875	0.479338582033	37.67039871216	18.05687550330
WBA_22	38.84375	-121.53125	0.209105931935	37.63359832764	7.86940865036
WBA_22	38.84375	-121.59375	0.854958018845	37.63499832153	32.17634360420
WBA_22	38.84375	-121.65625	0.106731706155	37.63639831543	4.01699700575
WBA_22	38.90625	-121.53125	0.0122233016471	37.60110092163	0.45960959883
WBA_22	38.90625	-121.59375	0.365214713719	37.60240173340	13.73295038420
WBA_22	38.96875	-121.53125	0.000244565630772	37.56840133667	0.00918793977
WBA_22	38.96875	-121.59375	0.00329472829763	37.56980133057	0.12378228758
WBA_22	38.59375	-121.53125	0.156165608879	37.76350021362	5.89736000426
WBA_22	38.65625	-121.46875	0.16074282432	37.72980117798	6.06479480237
WBA_22	38.65625	-121.53125	0.31189436317	37.73109817505	11.76811683700
WBA_22	38.65625	-121.59375	0.565378680125	37.73239898682	21.33309393710
WBA_22	38.65625	-121.65625	0.0239885783068	37.73389816284	0.90518257090
WBA_22	38.71875	-121.46875	0.19023048253	37.69729995728	7.17117556095
WBA_22	38.71875	-121.53125	1.00000093998	37.69860076904	37.69863620480
WBA_22	38.71875	-121.59375	0.772753196189	37.70000076294	29.13279608590
WBA_22	38.71875	-121.65625	0.0252993613559	37.70140075684	0.95382136137
WBA_22	38.78125	-121.46875	0.029783146631	37.66479873657	1.12177622360
WBA_22	38.78125	-121.53125	0.92034323335	37.66619873047	34.66583112760
WBA_22	38.78125	-121.59375	0.758692139327	37.66749954224	28.57803581080
WBA_22	38.78125	-121.65625	0.0372735384166	37.66889953613	1.40405317397
WBA_23	38.84375	-121.40625	0.17273876831	37.63109970093	6.50034981248
WBA_23	38.84375	-121.46875	0.909033467425	37.63230133057	34.20902136570
WBA_23	38.84375	-121.53125	0.790894914809	37.63359832764	29.76422154330
WBA_23	38.84375	-121.59375	0.121223701854	37.63499832153	4.56225381581
WBA_23	38.90625	-121.40625	0.473186169619	37.59849929810	17.79108986630
WBA_23	38.90625	-121.46875	0.986824652937	37.59980010986	37.10440969390
WBA_23	38.90625	-121.53125	0.987775573192	37.60110092163	37.14144901550
WBA_23	38.90625	-121.59375	0.0357067622318	37.60240173340	1.34266001804
WBA_23	38.96875	-121.40625	0.789825961488	37.56589889526	29.67052221410
WBA_23	38.96875	-121.46875	0.814790730917	37.56710052490	30.60932529510
WBA_23	38.96875	-121.53125	0.531651469702	37.56840133667	19.97329578500
WBA_23	38.96875	-121.59375	0.0148523741515	37.56980133057	0.55800074616
WBA_23	39.03125	-121.34375	0.491526108481	37.53200149536	18.44795863850
WBA_23	39.03125	-121.40625	0.319303935173	37.53319931030	11.98449823940
WBA_23	39.09375	-121.34375	0.079746855431	37.49929809570	2.99045110400
WBA_23	38.71875	-121.46875	0.030708784465	37.69729995728	1.15763825930
WBA_23	38.78125	-121.46875	0.646418440122	37.66479873657	24.34722044680
WBA_23	38.78125	-121.53125	0.0796556173066	37.66619873047	3.00032431147
WBA_24	38.84375	-121.09375	0.259171910659	37.62559890747	9.75149835852
WBA_24	38.84375	-121.15625	0.999999871983	37.62659835815	37.62659354130
WBA_24	38.84375	-121.21875	1.00000074369	37.62760162354	37.62762960680
WBA_24	38.84375	-121.28125	1.00000054971	37.62870025635	37.62872094140
WBA_24	38.84375	-121.34375	0.999999035533	37.62990188599	37.62986559320
WBA_24	38.84375	-121.40625	0.827260336483	37.63109970093	31.13071620080
WBA_24	38.84375	-121.46875	0.090967045169	37.63230133057	3.42329925495
WBA_24	38.90625	-121.03125	0.0419454958097	37.59209823608	1.57681919904
WBA_24	38.90625	-121.09375	0.949652099272	37.59310150146	35.70036775900
WBA_24	38.90625	-121.15625	1.0000010215	37.59400177002	37.59404017240
WBA_24	38.90625	-121.21875	0.999999307592	37.59510040283	37.59507437170
WBA_24	38.90625	-121.28125	0.999999042878	37.59619903564	37.59616305150
WBA_24	38.90625	-121.34375	1.00000007483	37.59730148315	37.59730429650
WBA_24	38.90625	-121.40625	0.526813889415	37.59849929810	19.80741165140
WBA_24	38.90625	-121.46875	0.0131740656012	37.59980010986	0.49534223324
WBA_24	38.96875	-121.03125	0.5379274821	37.55950164795	20.20428815040
WBA_24	38.96875	-121.09375	0.98011856425	37.56050109863	36.81374440930
WBA_24	38.96875	-121.15625	0.854901266547	37.56140136719	32.11128960210
WBA_24	38.96875	-121.21875	0.941672485915	37.56250000000	35.37157275220
WBA_24	38.96875	-121.28125	0.999998918783	37.56359863281	37.56355801840
WBA_24	38.96875	-121.34375	0.999999893884	37.56470108032	37.56469709410
WBA_24	38.96875	-121.40625	0.182753277915	37.56589889526	6.86529116093
WBA_24	39.03125	-121.09375	0.0537387471053	37.52780151367	2.01669703496
WBA_24	39.03125	-121.15625	0.00123849181817	37.52880096436	0.04647911294
WBA_24	39.03125	-121.21875	0.0468011089626	37.52980041504	1.75643627857
WBA_24	39.03125	-121.28125	0.262664859814	37.53089904785	9.85804833710
WBA_24	39.03125	-121.34375	0.437741740393	37.53200149536	16.42932365500
WBA_24	39.03125	-121.40625	0.00433613543904	37.53319931030	0.16274903567
WBA_24	38.78125	-121.09375	0.0612948028749	37.65810012817	2.30824582400
WBA_24	38.78125	-121.15625	0.739799454298	37.65909957886	27.86018131780
WBA_24	38.78125	-121.21875	0.75935634719	37.66009902954	28.59743523390
WBA_24	38.78125	-121.28125	0.324117183796	37.66120147705	12.20664256110
WBA_24	38.78125	-121.34375	0.109742061922	37.66239929199	4.13314935522
WBA_24	38.78125	-121.40625	0.838409141123	37.66360092163	31.57750730030
WBA_24	38.78125	-121.46875	0.146234533658	37.66479873657	5.50789427856
WBA_25	38.34375	-121.71875	0.1345041802	37.89690017700	5.09729149044
WBA_25	38.34375	-121.78125	0.955877465984	37.89849853516	36.22632074440
WBA_25	38.34375	-121.84375	0.99999954451	37.90010070801	37.90008344490
WBA_25	38.34375	-121.90625	0.999998826845	37.90179824829	37.90175378360
WBA_25	38.34375	-121.96875	0.848349672792	37.90349960327	32.15542148610
WBA_25	38.34375	-122.03125	0.89180324772	37.90530014038	33.80406977100
WBA_25	38.34375	-122.09375	0.115040544821	37.90710067749	4.36085351454
WBA_25	38.40625	-121.65625	0.143881152679	37.86320114136	5.44780102435
WBA_25	38.40625	-121.71875	0.316199449098	37.86470031738	11.97279738060
WBA_25	38.40625	-121.78125	0.834834144058	37.86619949341	31.61199624280
WBA_25	38.40625	-121.84375	0.999998842944	37.86790084839	37.86785703310
WBA_25	38.40625	-121.90625	1.0000006344	37.86949920654	37.86952323110
WBA_25	38.40625	-121.96875	1.00000120787	37.87120056152	37.87124630500
WBA_25	38.40625	-122.03125	1.0000006139	37.87300109863	37.87302434880
WBA_25	38.40625	-122.09375	0.733190454244	37.87490081787	27.76951573510
WBA_25	38.40625	-122.15625	0.00418466849567	37.87670135498	0.15850143888
WBA_25	38.46875	-121.59375	0.0886676921715	37.82949829102	3.35425430947
WBA_25	38.46875	-121.65625	0.773960592661	37.83089828491	29.27962445750
WBA_25	38.46875	-121.71875	0.836145039883	37.83240127563	31.63337467350
WBA_25	38.46875	-121.78125	0.99999940636	37.83399963379	37.83397717400
WBA_25	38.46875	-121.84375	0.999999535315	37.83560180664	37.83558422500
WBA_25	38.46875	-121.90625	1.00000123554	37.83720016479	37.83724691430
WBA_25	38.46875	-121.96875	0.998063817719	37.83900070190	37.76573749920
WBA_25	38.46875	-122.03125	0.928725220951	37.84069824219	35.14361083590
WBA_25	38.46875	-122.09375	0.84347895115	37.84260177612	31.91943805490
WBA_25	38.46875	-122.15625	0.000545869749203	37.84450149536	0.02065816854
WBA_25	38.53125	-121.59375	0.00317216204379	37.79719924927	0.11989884082
WBA_25	38.53125	-121.65625	0.095522508542	37.79859924316	3.61061701908
WBA_25	38.53125	-121.71875	0.238790646919	37.80009841919	9.02630995513
WBA_25	38.53125	-121.78125	0.35214174502	37.80170059204	13.31155681120
WBA_25	38.53125	-121.84375	0.538217061411	37.80329895020	20.34638047260
WBA_25	38.53125	-121.90625	0.525135896946	37.80490112305	19.85271066020
WBA_25	38.53125	-121.96875	0.260303711032	37.80659866333	9.84119793358
WBA_25	38.53125	-122.03125	0.0688183013723	37.80839920044	2.60190981058
WBA_25	38.53125	-122.09375	0.154458160745	37.81019973755	5.84009390888
WBA_25	38.15625	-121.65625	0.00392930455528	37.99179840088	0.14928134652
WBA_25	38.15625	-121.71875	0.904926798128	37.99330139160	34.38115657860
WBA_25	38.15625	-121.78125	0.997795890006	37.99489974976	37.91115481150
WBA_25	38.15625	-121.84375	0.308154957598	37.99649810791	11.70880926330
WBA_25	38.21875	-121.71875	0.257298158965	37.96120071411	9.76734705583
WBA_25	38.21875	-121.78125	0.785019575579	37.96279907227	29.80154041550
WBA_25	38.21875	-121.84375	0.891651535997	37.96440124512	33.85101668340
WBA_25	38.21875	-121.90625	0.0144214582324	37.96609878540	0.54752650788
WBA_25	38.28125	-121.78125	0.223293408186	37.93059921265	8.46965277274
WBA_25	38.28125	-121.84375	0.845452770188	37.93230056763	32.06996859450
WBA_25	38.28125	-121.90625	0.372529306156	37.93389892578	14.13148904660
WBA_25	38.28125	-121.96875	0.0382123977062	37.93569946289	1.44961403514
WBA_25	38.28125	-122.03125	0.0323585603688	37.93750000000	1.22760288399
WBA_26N	38.53125	-121.40625	0.00758481643783	37.79320144653	0.28665449557
WBA_26N	38.59375	-121.28125	0.044583521323	37.75849914551	1.68340685178
WBA_26N	38.59375	-121.34375	0.69156431124	37.75970077515	26.11326145920
WBA_26N	38.59375	-121.40625	0.889016227109	37.76089859009	33.57005159680
WBA_26N	38.59375	-121.46875	0.49117712044	37.76210021973	18.54787964770
WBA_26N	38.59375	-121.53125	0.199201223896	37.76350021362	7.52253546115
WBA_26N	38.65625	-121.15625	0.0307069551653	37.72399902344	1.15838914667
WBA_26N	38.65625	-121.21875	0.76023624047	37.72499847412	28.67991101170
WBA_26N	38.65625	-121.28125	0.913680072378	37.72610092163	34.46958662060
WBA_26N	38.65625	-121.34375	0.999999443566	37.72729873657	37.72727774380
WBA_26N	38.65625	-121.40625	0.999999654364	37.72850036621	37.72848732590
WBA_26N	38.65625	-121.46875	0.839255862122	37.72980117798	31.66495681530
WBA_26N	38.65625	-121.53125	0.688033556208	37.73109817505	25.96026165700
WBA_26N	38.71875	-121.15625	0.381013136249	37.69160079956	14.36099503090
WBA_26N	38.71875	-121.21875	1.00000012569	37.69260025024	37.69260498770
WBA_26N	38.71875	-121.28125	1.00000006813	37.69369888306	37.69370145110
WBA_26N	38.71875	-121.34375	0.999998730231	37.69490051270	37.69485264890
WBA_26N	38.71875	-121.40625	0.999998964656	37.69609832764	37.69605929920
WBA_26N	38.71875	-121.46875	0.779061270669	37.69729995728	29.36850640550
WBA_26N	38.78125	-121.15625	0.114145408531	37.65909957886	4.29861330634
WBA_26N	38.78125	-121.21875	0.240644741378	37.66009902954	9.06270479123
WBA_26N	38.78125	-121.28125	0.675883681295	37.66120147705	25.45459149630
WBA_26N	38.78125	-121.34375	0.890257483647	37.66239929199	33.52923282180
WBA_26N	38.78125	-121.40625	0.161590437618	37.66360092163	6.08607775519
WBA_26N	38.78125	-121.46875	0.177565065031	37.66479873657	6.68795243704
WBA_26S	38.34375	-121.34375	0.0738173922823	37.88869857788	2.79684492599
WBA_26S	38.34375	-121.40625	0.77513583084	37.88990020752	29.36981927780
WBA_26S	38.34375	-121.46875	0.396119676501	37.89120101929	15.00945029000
WBA_26S	38.40625	-121.28125	0.0330462455181	37.85540008545	1.25097884541
WBA_26S	38.40625	-121.34375	0.802216054504	37.85649871826	30.36909103910
WBA_26S	38.40625	-121.40625	1.00000118638	37.85770034790	37.85774526150
WBA_26S	38.40625	-121.46875	0.653793445488	37.85900115967	24.75196681090
WBA_26S	38.46875	-121.21875	0.140937203927	37.82199859619	5.33052672908
WBA_26S	38.46875	-121.28125	0.669484485226	37.82310104370	25.32197933190
WBA_26S	38.46875	-121.34375	0.999999507614	37.82429885864	37.82428023450
WBA_26S	38.46875	-121.40625	0.999999951208	37.82550048828	37.82549864270
WBA_26S	38.46875	-121.46875	0.835094918712	37.82680130005	31.58896955680
WBA_26S	38.53125	-121.15625	0.0953763675153	37.78870010376	3.60414894902
WBA_26S	38.53125	-121.21875	0.889337056387	37.78969955444	33.60778016350
WBA_26S	38.53125	-121.28125	1.00000086273	37.79079818726	37.79083079060
WBA_26S	38.53125	-121.34375	0.99999980086	37.79199981689	37.79199229100
WBA_26S	38.53125	-121.40625	0.992415354097	37.79320144653	37.50655339600
WBA_26S	38.53125	-121.46875	0.999413790694	37.79449844360	37.77234295690
WBA_26S	38.53125	-121.53125	0.246376531102	37.79579925537	9.31199791078
WBA_26S	38.59375	-121.09375	0.0899373279592	37.75540161133	3.39561993695
WBA_26S	38.59375	-121.15625	0.488811142961	37.75640106201	18.45574955720
WBA_26S	38.59375	-121.21875	0.999999930763	37.75740051270	37.75739789850
WBA_26S	38.59375	-121.28125	0.955416504636	37.75849914551	36.07509327390
WBA_26S	38.59375	-121.34375	0.308434554163	37.75970077515	11.64639647390
WBA_26S	38.59375	-121.40625	0.110983013683	37.76089859009	4.19081832492
WBA_26S	38.59375	-121.46875	0.508823888401	37.76210021973	19.21425866800
WBA_26S	38.59375	-121.53125	0.102836494692	37.76350021362	3.88346598928
WBA_26S	38.65625	-121.09375	0.592803474339	37.72299957275	22.36232520920
WBA_26S	38.65625	-121.15625	0.969292528212	37.72399902344	36.56559038770
WBA_26S	38.65625	-121.21875	0.239764436875	37.72499847412	9.04511301525
WBA_26S	38.65625	-121.28125	0.086320525457	37.72610092163	3.25653685500
WBA_26S	38.71875	-121.09375	0.129349721034	37.69060134888	4.87526877007
WBA_26S	38.71875	-121.15625	0.14323498198	37.69160079956	5.39875576132
WBA_26S	38.28125	-121.40625	0.179945676141	37.92210006714	6.82391793727
WBA_26S	38.28125	-121.46875	0.0255170076312	37.92340087891	0.96769170963
WBA_50	37.84375	-121.59375	0.930164565428	38.15000152588	35.48577959040
WBA_50	37.84375	-121.65625	0.171097256348	38.15150070190	6.52761709564
WBA_50	37.90625	-121.65625	0.640389162509	38.11959838867	24.41137768730
WBA_50	37.90625	-121.71875	0.156623149342	38.12120056152	5.97066248866
WBA_50	37.59375	-121.28125	0.00975122494948	38.27030181885	0.37318232192
WBA_50	37.59375	-121.34375	0.00155495438223	38.27149963379	0.05951043607
WBA_50	37.65625	-121.28125	0.172785614777	38.23870086670	6.60709743751
WBA_50	37.65625	-121.34375	0.575387765438	38.23989868164	22.00276985300
WBA_50	37.65625	-121.40625	0.11145703247	38.24110031128	4.26223955910
WBA_50	37.71875	-121.28125	0.41692926016	38.20700073242	15.92961654830
WBA_50	37.71875	-121.34375	0.978050636148	38.20819854736	37.36955289530
WBA_50	37.71875	-121.40625	0.991112053353	38.20940017700	37.86979706680
WBA_50	37.71875	-121.46875	0.51272785407	38.21070098877	19.59169072050
WBA_50	37.71875	-121.53125	0.0833683626562	38.21210098267	3.18568029258
WBA_50	37.78125	-121.28125	0.0646387622506	38.17520141602	2.46759776820
WBA_50	37.78125	-121.53125	0.824088329314	38.18040084839	31.46402274770
WBA_50	37.78125	-121.59375	0.458933402046	38.18180084229	17.52290375680
WBA_50	37.78125	-121.65625	0.00315137477516	38.18330001831	0.12032988851
WBA_60N	38.34375	-120.90625	0.347299683649	37.88169860840	13.15630194280
WBA_60N	38.34375	-120.96875	0.999950445075	37.88249969482	37.88062243040
WBA_60N	38.34375	-121.03125	1.00000078598	37.88339996338	37.88342973910
WBA_60N	38.34375	-121.09375	0.99999938394	37.88439941406	37.88437607500
WBA_60N	38.34375	-121.15625	0.99999945736	37.88539886475	37.88537830660
WBA_60N	38.34375	-121.21875	1.00000101292	37.88639831543	37.88643669150
WBA_60N	38.34375	-121.28125	0.99999870794	37.88759994507	37.88755099200
WBA_60N	38.34375	-121.34375	0.926183168402	37.88869857788	35.09187489550
WBA_60N	38.34375	-121.40625	0.224865365697	37.88990020752	8.52012626639
WBA_60N	38.40625	-120.90625	0.0501366402001	37.84949874878	1.89764670052
WBA_60N	38.40625	-120.96875	0.719600142784	37.85039901733	27.23715253730
WBA_60N	38.40625	-121.03125	1.00000122369	37.85120010376	37.85124642200
WBA_60N	38.40625	-121.09375	0.999999756964	37.85219955444	37.85219035500
WBA_60N	38.40625	-121.15625	0.99999975206	37.85319900513	37.85318961980
WBA_60N	38.40625	-121.21875	1.00000123273	37.85419845581	37.85424511990
WBA_60N	38.40625	-121.28125	0.96695260293	37.85540008545	36.60437764760
WBA_60N	38.40625	-121.34375	0.197784593209	37.85649871826	7.48743219931
WBA_60N	38.46875	-120.84375	0.0672684283852	37.81650161743	2.54385663083
WBA_60N	38.46875	-120.90625	0.511840839493	37.81729888916	19.35643801080
WBA_60N	38.46875	-120.96875	0.515003825411	37.81809997559	19.47646615720
WBA_60N	38.46875	-121.03125	0.809717845647	37.81900024414	30.62271940220
WBA_60N	38.46875	-121.09375	0.999998918476	37.81999969482	37.81995879160
WBA_60N	38.46875	-121.15625	0.99999885912	37.82099914551	37.82095599630
WBA_60N	38.46875	-121.21875	0.85906305102	37.82199859619	32.49148150970
WBA_60N	38.46875	-121.28125	0.330515925232	37.82310104370	12.50113723660
WBA_60N	38.53125	-121.03125	0.234020669117	37.78670120239	8.84286909911
WBA_60N	38.53125	-121.09375	0.769285499443	37.78770065308	29.06953016970
WBA_60N	38.53125	-121.15625	0.89637115389	37.78870010376	33.87270071600
WBA_60N	38.53125	-121.21875	0.110663635925	37.78969955444	4.18194555322
WBA_60N	38.59375	-121.09375	0.00741505246937	37.75540161133	0.27995828395
WBA_60N	38.59375	-121.15625	0.411812385875	37.75640106201	15.54855360340
WBA_60N	38.03125	-121.03125	0.0103675303038	38.04370117188	0.39441922477
WBA_60N	38.03125	-121.09375	0.000868568706173	38.04460144043	0.03304435025
WBA_60N	38.03125	-121.21875	0.0492238990794	38.04669952393	1.87280689767
WBA_60N	38.03125	-121.28125	0.0815643375311	38.04779815674	3.10334345117
WBA_60N	38.03125	-121.34375	0.0503622399534	38.04899978638	1.91623285723
WBA_60N	38.09375	-121.03125	0.312387909792	38.01169967651	11.87439540960
WBA_60N	38.09375	-121.09375	0.803084455391	38.01269912720	30.52740777650
WBA_60N	38.09375	-121.15625	0.710960005087	38.01369857788	27.02621933430
WBA_60N	38.09375	-121.21875	0.893044175277	38.01470184326	33.94880805600
WBA_60N	38.09375	-121.28125	0.999999226679	38.01589965820	38.01587025970
WBA_60N	38.09375	-121.34375	0.942484376005	38.01710128784	35.83052398480
WBA_60N	38.15625	-120.84375	0.055445559761	37.97719955444	2.10566708745
WBA_60N	38.15625	-120.90625	0.443564293118	37.97800064087	16.84568500830
WBA_60N	38.15625	-120.96875	0.710478287826	37.97880172729	26.98311402490
WBA_60N	38.15625	-121.03125	0.870207872379	37.97969818115	33.05023234780
WBA_60N	38.15625	-121.09375	0.999998889269	37.98070144653	37.98065926020
WBA_60N	38.15625	-121.15625	0.999999191094	37.98170089722	37.98167017360
WBA_60N	38.15625	-121.21875	1.00000093757	37.98270034790	37.98273595950
WBA_60N	38.15625	-121.28125	0.999998963789	37.98389816284	37.98385880350
WBA_60N	38.15625	-121.34375	1.00000095686	37.98500061035	37.98503695650
WBA_60N	38.15625	-121.40625	0.375899723562	37.98630142212	14.27904020370
WBA_60N	38.21875	-120.84375	0.0485443940042	37.94509887695	1.84202183041
WBA_60N	38.21875	-120.90625	0.10900042402	37.94589996338	4.13611918582
WBA_60N	38.21875	-120.96875	0.27675027265	37.94680023193	10.50178731040
WBA_60N	38.21875	-121.03125	0.851959306986	37.94770050049	32.32989662010
WBA_60N	38.21875	-121.09375	1.00000026749	37.94860076904	37.94861092010
WBA_60N	38.21875	-121.15625	1.0000004826	37.94960021973	37.94961853430
WBA_60N	38.21875	-121.21875	0.999999567986	37.95069885254	37.95068245730
WBA_60N	38.21875	-121.28125	1.00000001208	37.95180130005	37.95180175840
WBA_60N	38.21875	-121.34375	0.990893992848	37.95299911499	37.60739883360
WBA_60N	38.21875	-121.40625	0.215972675991	37.95420074463	8.19707029993
WBA_60N	38.28125	-120.90625	0.586271253039	37.91379928589	22.22777061480
WBA_60N	38.28125	-120.96875	0.724435817099	37.91469955444	27.46676635180
WBA_60N	38.28125	-121.03125	0.999999156358	37.91559982300	37.91556783580
WBA_60N	38.28125	-121.09375	1.00000042707	37.91650009155	37.91651628460
WBA_60N	38.28125	-121.15625	1.00000057654	37.91749954224	37.91752140330
WBA_60N	38.28125	-121.21875	0.999999593789	37.91859817505	37.91858277210
WBA_60N	38.28125	-121.28125	0.999999965088	37.91970062256	37.91969929870
WBA_60N	38.28125	-121.34375	0.999999274237	37.92089843750	37.92087091590
WBA_60N	38.28125	-121.40625	0.448080066052	37.92210006714	16.99213710290
WBA_60S	37.84375	-120.90625	0.0679491103709	38.13750076294	2.59140924861
WBA_60S	37.84375	-120.96875	0.265489987789	38.13830184937	10.12533729230
WBA_60S	37.84375	-121.03125	0.750828923973	38.13919830322	28.63601322320
WBA_60S	37.84375	-121.09375	0.855265472319	38.14020156860	32.61999750890
WBA_60S	37.84375	-121.15625	0.714529490865	38.14120101929	27.25301294530
WBA_60S	37.84375	-121.21875	0.245105658539	38.14229965210	9.34889347443
WBA_60S	37.84375	-121.28125	0.183764616858	38.14350128174	7.00942589866
WBA_60S	37.90625	-120.90625	0.159290868865	38.10570144653	6.06989029212
WBA_60S	37.90625	-120.96875	1.00000071103	38.10649871826	38.10652581300
WBA_60S	37.90625	-121.03125	1.00000089215	38.10739898682	38.10743298450
WBA_60S	37.90625	-121.09375	0.999999949806	38.10839843750	38.10839652470
WBA_60S	37.90625	-121.15625	1.00000039778	38.10940170288	38.10941686210
WBA_60S	37.90625	-121.21875	0.992848864219	38.11050033569	37.83796697310
WBA_60S	37.90625	-121.28125	0.579145147608	38.11159896851	22.07214761020
WBA_60S	37.96875	-120.84375	0.0187976337606	38.07300186157	0.71568234516
WBA_60S	37.96875	-120.90625	0.742585058531	38.07379913330	28.27303435790
WBA_60S	37.96875	-120.96875	0.999999076797	38.07469940186	38.07466425120
WBA_60S	37.96875	-121.03125	0.999999202636	38.07559967041	38.07556931030
WBA_60S	37.96875	-121.09375	1.00000080825	38.07649993896	38.07653071440
WBA_60S	37.96875	-121.15625	1.00000131528	38.07749938965	38.07754947230
WBA_60S	37.96875	-121.21875	1.00000057401	38.07860183716	38.07862369470
WBA_60S	37.96875	-121.28125	0.797370520998	38.07979965210	30.36370968810
WBA_60S	37.96875	-121.34375	0.00269534015852	38.08089828491	0.10264097442
WBA_60S	38.03125	-120.84375	0.0730469538681	38.04109954834	2.77878644380
WBA_60S	38.03125	-120.90625	0.580787240938	38.04190063477	22.09425050970
WBA_60S	38.03125	-120.96875	0.915031982179	38.04280090332	34.81037951820
WBA_60S	38.03125	-121.03125	0.983691358591	38.04370117188	37.42326009160
WBA_60S	38.03125	-121.09375	0.999131923914	38.04460144043	38.01157583170
WBA_60S	38.03125	-121.15625	1.00000089148	38.04560089111	38.04563480810
WBA_60S	38.03125	-121.21875	0.950776276359	38.04669952393	36.17389930110
WBA_60S	38.03125	-121.28125	0.918436623711	38.04779815674	34.94449127870
WBA_60S	38.03125	-121.34375	0.375072381616	38.04899978638	14.27112896800
WBA_60S	38.09375	-120.90625	0.0363180035311	38.00999832153	1.38044725326
WBA_60S	38.09375	-120.96875	0.144879068308	38.01079940796	5.50696920387
WBA_60S	38.09375	-121.03125	0.540866543011	38.01169967651	20.55925659800
WBA_60S	38.09375	-121.09375	0.196914584837	38.01269912720	7.48525486718
WBA_60S	38.09375	-121.15625	0.289039396082	38.01369857788	10.98745647980
WBA_60S	38.09375	-121.21875	0.106956939771	38.01470184326	4.06593617548
WBA_60S	37.78125	-121.09375	0.0329428615694	38.17200088501	1.25749494098
WBA_60S	37.78125	-121.15625	0.0196780706977	38.17300033569	0.75117099935
WBA_61	37.84375	-120.59375	0.0037505553131	38.13410186768	0.14302405837
WBA_61	37.84375	-120.65625	0.331842416102	38.13460159302	12.65467832970
WBA_61	37.84375	-120.71875	0.358916816362	38.13529968262	13.68740035310
WBA_61	37.84375	-120.78125	0.406801690013	38.13600158691	15.51378989590
WBA_61	37.84375	-120.84375	0.902681037783	38.13669967651	34.42527564160
WBA_61	37.84375	-120.90625	0.844358600711	38.13750076294	32.20172677880
WBA_61	37.84375	-120.96875	0.734511017424	38.13830184937	28.01300289420
WBA_61	37.84375	-121.03125	0.249172419278	38.13919830322	9.50323631053
WBA_61	37.84375	-121.09375	0.144734890254	38.14020156860	5.52021788829
WBA_61	37.84375	-121.15625	0.285471509604	38.14120101929	10.88822623310
WBA_61	37.84375	-121.21875	0.754894841403	38.14229965210	28.79342524660
WBA_61	37.84375	-121.28125	0.598826620529	38.14350128174	22.84134396770
WBA_61	37.84375	-121.34375	0.00113473429652	38.14459991455	0.04328398575
WBA_61	37.90625	-121.28125	0.00945334979956	38.11159896851	0.36028227647
WBA_61	37.59375	-120.78125	0.063050824836	38.26269912720	2.41249474042
WBA_61	37.59375	-120.84375	0.0751477149701	38.26350021362	2.87541460781
WBA_61	37.59375	-120.90625	0.0879377435371	38.26430130005	3.36487631435
WBA_61	37.59375	-120.96875	0.0444561868432	38.26509857178	1.70112037168
WBA_61	37.59375	-121.03125	0.276689698095	38.26610183716	10.58783616460
WBA_61	37.59375	-121.09375	0.636335638275	38.26699829102	24.35065478240
WBA_61	37.59375	-121.15625	0.277444233534	38.26810073853	10.61726387820
WBA_61	37.65625	-120.46875	0.270995958395	38.22819900513	10.35968742710
WBA_61	37.65625	-120.53125	0.909010755611	38.22869873047	34.75029831900
WBA_61	37.65625	-120.59375	0.853413399708	38.22919845581	32.62531022230
WBA_61	37.65625	-120.65625	0.756506891165	38.22980117798	28.92110803900
WBA_61	37.65625	-120.71875	0.781181426646	38.23040008545	29.86487848000
WBA_61	37.65625	-120.78125	0.941234768432	38.23109817505	35.98443883770
WBA_61	37.65625	-120.84375	0.984196066774	38.23180007935	37.62758726380
WBA_61	37.65625	-120.90625	0.997373995135	38.23270034790	38.13230109080
WBA_61	37.65625	-120.96875	0.991188673718	38.23350143433	37.89661357830
WBA_61	37.65625	-121.03125	1.0000005931	38.23440170288	38.23442437970
WBA_61	37.65625	-121.09375	0.999999911753	38.23540115356	38.23539777940
WBA_61	37.65625	-121.15625	0.999022479406	38.23640060425	38.19902373520
WBA_61	37.65625	-121.21875	0.699990068191	38.23749923706	26.76586969840
WBA_61	37.65625	-121.28125	0.0429332508699	38.23870086670	1.64171173725
WBA_61	37.71875	-120.46875	0.100730565233	38.19660186768	3.84756529613
WBA_61	37.71875	-120.53125	0.796112933235	38.19699859619	30.40912459320
WBA_61	37.71875	-120.59375	1.00000128204	38.19749832153	38.19754729240
WBA_61	37.71875	-120.65625	1.00000046245	38.19810104370	38.19811870850
WBA_61	37.71875	-120.71875	1.00000121319	38.19869995117	38.19874629360
WBA_61	37.71875	-120.78125	1.00000080262	38.19940185547	38.19943251500
WBA_61	37.71875	-120.84375	0.999999373281	38.20019912720	38.20017518640
WBA_61	37.71875	-120.90625	0.999999314889	38.20100021362	38.20097404170
WBA_61	37.71875	-120.96875	1.00000078297	38.20180130005	38.20183121080
WBA_61	37.71875	-121.03125	1.00000114911	38.20270156860	38.20274546760
WBA_61	37.71875	-121.09375	1.00000040459	38.20370101929	38.20371647630
WBA_61	37.71875	-121.15625	1.00000117263	38.20470046997	38.20474526990
WBA_61	37.71875	-121.21875	0.984165901924	38.20579910278	37.60084473270
WBA_61	37.71875	-121.28125	0.137361453097	38.20700073242	5.24816913909
WBA_61	37.78125	-120.53125	0.0472093274394	38.16529846191	1.80175807191
WBA_61	37.78125	-120.59375	0.218590571798	38.16579818726	8.34268364887
WBA_61	37.78125	-120.65625	0.955009491629	38.16640090942	36.44927512980
WBA_61	37.78125	-120.71875	1.00000083389	38.16699981689	38.16703164400
WBA_61	37.78125	-120.78125	1.00000037071	38.16770172119	38.16771587050
WBA_61	37.78125	-120.84375	0.999998885711	38.16849899292	38.16845646220
WBA_61	37.78125	-120.90625	0.999998797726	38.16930007935	38.16925418940
WBA_61	37.78125	-120.96875	1.00000019405	38.17010116577	38.17010857260
WBA_61	37.78125	-121.03125	1.00000050517	38.17100143433	38.17102071710
WBA_61	37.78125	-121.09375	0.967056819345	38.17200088501	36.91449376390
WBA_61	37.78125	-121.15625	0.980322310686	38.17300033569	37.42184389490
WBA_61	37.78125	-121.21875	0.999999970286	38.17409896851	38.17409783420
WBA_61	37.78125	-121.28125	0.603647066106	38.17520141602	23.04434833280
WBA_62	37.40625	-120.65625	0.0898097904233	38.35599899292	3.44474423103
WBA_62	37.40625	-120.71875	0.415023986751	38.35660171509	15.91890976200
WBA_62	37.40625	-120.78125	0.753301191221	38.35729980469	28.89459963490
WBA_62	37.40625	-120.84375	0.966783872329	38.35810089111	37.08399331470
WBA_62	37.40625	-120.90625	0.999999669411	38.35889816284	38.35888548180
WBA_62	37.40625	-120.96875	0.893115340569	38.35979843140	34.25972444020
WBA_62	37.40625	-121.03125	0.0528199054808	38.36069869995	2.02620847951
WBA_62	37.46875	-120.46875	0.166628825706	38.32300186157	6.38571679771
WBA_62	37.46875	-120.53125	0.490616235496	38.32339859009	18.80208154770
WBA_62	37.46875	-120.59375	0.588400141223	38.32389831543	22.54978718100
WBA_62	37.46875	-120.65625	0.965870541401	38.32450103760	37.01650656610
WBA_62	37.46875	-120.71875	1.00000118956	38.32509994507	38.32514553520
WBA_62	37.46875	-120.78125	1.00000093112	38.32580184937	38.32583753520
WBA_62	37.46875	-120.84375	0.999999716336	38.32659912109	38.32658824920
WBA_62	37.46875	-120.90625	0.999999895526	38.32740020752	38.32739620330
WBA_62	37.46875	-120.96875	0.99999897056	38.32830047607	38.32826101940
WBA_62	37.46875	-121.03125	0.728025115619	38.32920074463	27.90462080370
WBA_62	37.46875	-121.09375	0.0610943664849	38.33020019531	2.34175929817
WBA_62	37.53125	-120.34375	0.495268487516	38.29069900513	18.96417658220
WBA_62	37.53125	-120.40625	0.712163253203	38.29100036621	27.26944338920
WBA_62	37.53125	-120.46875	0.958038415319	38.29140090942	36.68463304760
WBA_62	37.53125	-120.53125	0.999999672172	38.29190063477	38.29188808160
WBA_62	37.53125	-120.59375	1.00000015259	38.29240036011	38.29240620320
WBA_62	37.53125	-120.65625	0.999999542389	38.29299926758	38.29298174430
WBA_62	37.53125	-120.71875	1.00000045214	38.29359817505	38.29361548920
WBA_62	37.53125	-120.78125	1.00000013784	38.29430007935	38.29430535780
WBA_62	37.53125	-120.84375	0.999998757126	38.29510116577	38.29505356980
WBA_62	37.53125	-120.90625	0.999998985338	38.29589843750	38.29585958010
WBA_62	37.53125	-120.96875	1.0000006035	38.29669952393	38.29672263610
WBA_62	37.53125	-121.03125	1.00000116492	38.29759979248	38.29764440620
WBA_62	37.53125	-121.09375	0.715341526262	38.29859924316	27.39657843630
WBA_62	37.53125	-121.15625	0.0280104006505	38.29970169067	1.07278998915
WBA_62	37.59375	-120.34375	0.0481855843463	38.25910186768	1.84353718006
WBA_62	37.59375	-120.40625	0.675421201115	38.25949859619	25.84127649590
WBA_62	37.59375	-120.46875	0.988290081475	38.25989913940	37.81187883770
WBA_62	37.59375	-120.53125	1.0000004121	38.26029968262	38.26031544980
WBA_62	37.59375	-120.59375	1.00000087221	38.26079940796	38.26083277950
WBA_62	37.59375	-120.65625	1.00000022983	38.26139831543	38.26140710890
WBA_62	37.59375	-120.71875	1.00000097611	38.26200103760	38.26203838550
WBA_62	37.59375	-120.78125	0.936949900552	38.26269912720	35.85023214210
WBA_62	37.59375	-120.84375	0.924851588551	38.26350021362	35.38805895610
WBA_62	37.59375	-120.90625	0.91206164506	38.26430130005	34.89940159080
WBA_62	37.59375	-120.96875	0.955544847998	38.26509857178	36.56401779840
WBA_62	37.59375	-121.03125	0.723309149829	38.26610183716	27.67822158710
WBA_62	37.59375	-121.09375	0.363665259628	38.26699829102	13.91637786870
WBA_62	37.59375	-121.15625	0.441831706136	38.26810073853	16.90806023990
WBA_62	37.65625	-120.46875	0.378363331565	38.22819900513	14.46414873530
WBA_62	37.65625	-120.53125	0.0909892208099	38.22869873047	3.47839951006
WBA_62	37.65625	-120.59375	0.146586971258	38.22919845581	5.60390241527
WBA_62	37.65625	-120.65625	0.243492705381	38.22980117798	9.30867771499
WBA_62	37.65625	-120.71875	0.218818980801	38.23040008545	8.36553718232
WBA_62	37.65625	-120.78125	0.0587653592411	38.23109817505	2.24666421844
WBA_62	37.65625	-120.84375	0.0158051653675	38.23180007935	0.60425992255
WBA_62	37.65625	-120.90625	0.00262466600598	38.23270034790	0.10034806892
WBA_62	37.65625	-120.96875	0.00881150383175	38.23350143433	0.33689464439
WBA_62	37.34375	-120.84375	0.122165155086	38.38949966431	4.68985918016
WBA_62	37.34375	-120.90625	0.215823131985	38.39030075073	8.28551494586
WBA_62	37.34375	-120.96875	0.204455448971	38.39120101929	7.84929024094
WBA_63	37.40625	-120.09375	0.000621870831746	38.35290145874	0.02385055073
WBA_63	37.40625	-120.15625	0.43665270112	38.35300064087	16.74694132590
WBA_63	37.40625	-120.21875	0.0747108206433	38.35319900513	2.86539897197
WBA_63	37.40625	-120.28125	0.103689281004	38.35340118408	3.97683659285
WBA_63	37.40625	-120.34375	0.756866354194	38.35369873047	29.02862412800
WBA_63	37.40625	-120.40625	1.00000069346	38.35400009155	38.35402668870
WBA_63	37.40625	-120.46875	1.00000080281	38.35440063477	38.35443142590
WBA_63	37.40625	-120.53125	0.999999845469	38.35490036011	38.35489443310
WBA_63	37.40625	-120.59375	1.00000040046	38.35540008545	38.35541544540
WBA_63	37.40625	-120.65625	0.910190058936	38.35599899292	34.91124898390
WBA_63	37.40625	-120.71875	0.584976740799	38.35660171509	22.43771985940
WBA_63	37.40625	-120.78125	0.246699442153	38.35729980469	9.46272446433
WBA_63	37.40625	-120.84375	0.0332154785057	38.35810089111	1.27408267567
WBA_63	37.46875	-120.28125	0.0540348801351	38.32189941406	2.07071924139
WBA_63	37.46875	-120.34375	0.943963887383	38.32220077515	36.17477361680
WBA_63	37.46875	-120.40625	1.00000132518	38.32249832153	38.32254910570
WBA_63	37.46875	-120.46875	0.833369908492	38.32300186157	31.93723655450
WBA_63	37.46875	-120.53125	0.509384191713	38.32339859009	19.52133341450
WBA_63	37.46875	-120.59375	0.411600790138	38.32389831543	15.77414682780
WBA_63	37.46875	-120.65625	0.034129705272	38.32450103760	1.30800392511
WBA_63	37.53125	-120.34375	0.190780567359	38.29069900513	7.30512128076
WBA_63	37.53125	-120.40625	0.287837392303	38.29100036621	11.02158169410
WBA_63	37.53125	-120.46875	0.0419623141721	38.29140090942	1.60679579505
WBA_63	37.09375	-120.40625	0.0188584566417	38.51070022583	0.72625237045
WBA_63	37.09375	-120.46875	0.483708105279	38.51110076904	18.62813158520
WBA_63	37.09375	-120.53125	0.940165079706	38.51160049438	36.20726194840
WBA_63	37.09375	-120.59375	0.290258981593	38.51210021973	11.17848298880
WBA_63	37.09375	-120.65625	0.0250312300952	38.51269912720	0.96402023344
WBA_63	37.15625	-120.03125	0.0140506468288	38.47819900513	0.54064358483
WBA_63	37.15625	-120.09375	0.244097637058	38.47829818726	9.39246166551
WBA_63	37.15625	-120.15625	0.368024696844	38.47840118408	14.16100193080
WBA_63	37.15625	-120.21875	0.412645026035	38.47859954834	15.87800271240
WBA_63	37.15625	-120.28125	0.568191696983	38.47880172729	21.86333565130
WBA_63	37.15625	-120.34375	0.0678532581607	38.47909927368	2.61093225681
WBA_63	37.15625	-120.40625	0.524645071206	38.47949981689	20.18807992140
WBA_63	37.15625	-120.46875	0.999999601249	38.47990036011	38.47988501620
WBA_63	37.15625	-120.53125	0.999998758637	38.48040008545	38.48035231730
WBA_63	37.15625	-120.59375	0.999999435125	38.48089981079	38.48087807390
WBA_63	37.15625	-120.65625	0.75701913777	38.48149871826	29.13123097980
WBA_63	37.15625	-120.71875	0.571114829197	38.48210144043	21.97769879130
WBA_63	37.15625	-120.78125	0.0653661744735	38.48279953003	2.51547338831
WBA_63	37.21875	-120.03125	0.00379428500082	38.44699859619	0.14587887010
WBA_63	37.21875	-120.09375	0.427628318319	38.44699859619	16.44102535410
WBA_63	37.21875	-120.15625	0.928186699262	38.44710159302	35.68608832380
WBA_63	37.21875	-120.21875	1.00000025533	38.44729995728	38.44730977420
WBA_63	37.21875	-120.28125	1.00000113369	38.44749832153	38.44754190910
WBA_63	37.21875	-120.34375	1.00000087301	38.44779968262	38.44783324810
WBA_63	37.21875	-120.40625	0.999999548852	38.44820022583	38.44818288000
WBA_63	37.21875	-120.46875	0.99999975379	38.44860076904	38.44859130260
WBA_63	37.21875	-120.53125	0.999998883116	38.44910049438	38.44905755120
WBA_63	37.21875	-120.59375	0.999999523456	38.44960021973	38.44958189680
WBA_63	37.21875	-120.65625	0.99999911538	38.45019912720	38.45016511340
WBA_63	37.21875	-120.71875	1.00000008491	38.45080184937	38.45080511440
WBA_63	37.21875	-120.78125	0.602956996086	38.45149993896	23.18460089820
WBA_63	37.21875	-120.84375	0.0215141931762	38.45230102539	0.82727023233
WBA_63	37.28125	-120.09375	0.00677918505596	38.41569900513	0.26042713261
WBA_63	37.28125	-120.15625	0.725468623707	38.41579818726	27.86945623950
WBA_63	37.28125	-120.21875	0.99999927994	38.41600036621	38.41597270440
WBA_63	37.28125	-120.28125	1.00000014703	38.41619873047	38.41620437880
WBA_63	37.28125	-120.34375	0.999999891964	38.41650009155	38.41649594120
WBA_63	37.28125	-120.40625	1.00000111076	38.41680145264	38.41684412460
WBA_63	37.28125	-120.46875	0.999998697993	38.41730117798	38.41725115840
WBA_63	37.28125	-120.53125	1.00000036271	38.41770172119	38.41771565550
WBA_63	37.28125	-120.59375	1.00000097218	38.41820144653	38.41823879600
WBA_63	37.28125	-120.65625	1.00000052131	38.41880035400	38.41882038210
WBA_63	37.28125	-120.71875	0.999999001018	38.41949844360	38.41946006320
WBA_63	37.28125	-120.78125	0.999998883158	38.42020034790	38.42015743860
WBA_63	37.28125	-120.84375	0.534492856912	38.42089843750	20.53569577100
WBA_63	37.28125	-120.90625	0.219126426674	38.42169952393	8.41920972344
WBA_63	37.28125	-120.96875	0.000883785881575	38.42259979248	0.03395735123
WBA_63	37.34375	-120.15625	0.237144427184	38.38439941406	9.10264641184
WBA_63	37.34375	-120.21875	0.908809869954	38.38460159302	34.88430478200
WBA_63	37.34375	-120.28125	1.00000054387	38.38479995728	38.38482083370
WBA_63	37.34375	-120.34375	1.00000023661	38.38510131836	38.38511040060
WBA_63	37.34375	-120.40625	0.999998881714	38.38550186157	38.38545893560
WBA_63	37.34375	-120.46875	0.999999126651	38.38589859009	38.38586506580
WBA_63	37.34375	-120.53125	1.00000075792	38.38629913330	38.38632822720
WBA_63	37.34375	-120.59375	0.999998666127	38.38690185547	38.38685065220
WBA_63	37.34375	-120.65625	1.00000074892	38.38740158081	38.38743032990
WBA_63	37.34375	-120.71875	0.999999157621	38.38809967041	38.38806733310
WBA_63	37.34375	-120.78125	0.999999009117	38.38880157471	38.38876353590
WBA_63	37.34375	-120.84375	0.877835332966	38.38949966431	33.69965922020
WBA_63	37.34375	-120.90625	0.780517595175	38.39030075073	29.96430522000
WBA_63	37.34375	-120.96875	0.22020220001	38.39120101929	8.45382692547
WBA_63	37.03125	-120.53125	0.0791752126581	38.54280090332	3.05163445796
WBA_64	37.09375	-119.90625	0.0275169291308	38.50960159302	1.05966597789
WBA_64	37.09375	-119.96875	0.560898796512	38.50949859619	21.59993141690
WBA_64	37.09375	-120.03125	0.999999858324	38.50949859619	38.50949314030
WBA_64	37.09375	-120.09375	0.999998698012	38.50960159302	38.50955145400
WBA_64	37.09375	-120.15625	0.999999167229	38.50970077515	38.50966870540
WBA_64	37.09375	-120.21875	1.0000011418	38.50979995728	38.50984392780
WBA_64	37.09375	-120.28125	0.999999398658	38.51010131836	38.51007816060
WBA_64	37.09375	-120.34375	0.999999294052	38.51039886475	38.51037167840
WBA_64	37.09375	-120.40625	0.981142103237	38.51070022583	37.78446941670
WBA_64	37.09375	-120.46875	0.516292713351	38.51110076904	19.88300071020
WBA_64	37.09375	-120.53125	0.0377303365676	38.51160049438	1.45305564841
WBA_64	37.15625	-119.96875	0.0167874472244	38.47819900513	0.64595073509
WBA_64	37.15625	-120.03125	0.627680515124	38.47819900513	24.15201577260
WBA_64	37.15625	-120.09375	0.748873039701	38.47829818726	28.81536012600
WBA_64	37.15625	-120.15625	0.631975906277	38.47840118408	24.31742246040
WBA_64	37.15625	-120.21875	0.58735496398	38.47859954834	22.60059645170
WBA_64	37.15625	-120.28125	0.431809124904	38.47880172729	16.61549770120
WBA_64	37.15625	-120.34375	0.932147423501	38.47909927368	35.86819324660
WBA_64	37.15625	-120.40625	0.475354310733	38.47949981689	18.29139611280
WBA_64	37.21875	-120.15625	0.0494192237166	38.44710159302	1.90002591488
WBA_64	36.78125	-120.09375	0.000360918036026	38.66510009766	0.01395493199
WBA_64	36.78125	-120.15625	0.190440983007	38.66519927979	7.36343855899
WBA_64	36.78125	-120.21875	0.511078639832	38.66540145874	19.76106078610
WBA_64	36.78125	-120.28125	0.642758442894	38.66559982300	24.85264073580
WBA_64	36.78125	-120.34375	0.523097226394	38.66590118408	20.22602566540
WBA_64	36.78125	-120.40625	0.00305974785058	38.66630172729	0.11830913360
WBA_64	36.84375	-119.78125	0.0335547266436	38.63439941406	1.29636671138
WBA_64	36.84375	-119.84375	0.344981238243	38.63420104980	13.32807451670
WBA_64	36.84375	-119.90625	0.405861093471	38.63410186768	15.68007882930
WBA_64	36.84375	-119.96875	0.64594929256	38.63399887085	24.95560423940
WBA_64	36.84375	-120.03125	0.861411105626	38.63399887085	33.27975568210
WBA_64	36.84375	-120.09375	0.913116408483	38.63410186768	35.27743234240
WBA_64	36.84375	-120.15625	0.999999448898	38.63420104980	38.63417975840
WBA_64	36.84375	-120.21875	0.99999891238	38.63439941406	38.63435739450
WBA_64	36.84375	-120.28125	0.999999803872	38.63460159302	38.63459401570
WBA_64	36.84375	-120.34375	0.999999741011	38.63489913940	38.63488913340
WBA_64	36.84375	-120.40625	0.697141969641	38.63520050049	26.93421977440
WBA_64	36.84375	-120.46875	0.0761574399615	38.63570022583	2.94239602032
WBA_64	36.90625	-119.71875	8.86030460335e-05	38.60350036621	0.00342038772
WBA_64	36.90625	-119.78125	0.645729490703	38.60329818726	24.92728807790
WBA_64	36.90625	-119.84375	1.00000055772	38.60309982300	38.60312135260
WBA_64	36.90625	-119.90625	1.00000006645	38.60300064087	38.60300320600
WBA_64	36.90625	-119.96875	1.00000111532	38.60290145874	38.60294451320
WBA_64	36.90625	-120.03125	1.00000110634	38.60290145874	38.60294416660
WBA_64	36.90625	-120.09375	1.0000000772	38.60300064087	38.60300362110
WBA_64	36.90625	-120.15625	1.00000055054	38.60309982300	38.60312107570
WBA_64	36.90625	-120.21875	1.00000000201	38.60329818726	38.60329826490
WBA_64	36.90625	-120.28125	1.00000087686	38.60350036621	38.60353421590
WBA_64	36.90625	-120.34375	1.00000072092	38.60380172729	38.60382955740
WBA_64	36.90625	-120.40625	0.999999617023	38.60419845581	38.60418367130
WBA_64	36.90625	-120.46875	0.368414719336	38.60459899902	14.22250250530
WBA_64	36.96875	-119.71875	0.263992165476	38.57239913940	10.18281117640
WBA_64	36.96875	-119.78125	0.988914779806	38.57220077515	38.14461943620
WBA_64	36.96875	-119.84375	1.00000047923	38.57199859619	38.57201708090
WBA_64	36.96875	-119.90625	0.999999991705	38.57189941406	38.57189909410
WBA_64	36.96875	-119.96875	1.0000010471	38.57180023193	38.57184062030
WBA_64	36.96875	-120.03125	1.00000103811	38.57180023193	38.57184027360
WBA_64	36.96875	-120.09375	1.00000001687	38.57189941406	38.57190006470
WBA_64	36.96875	-120.15625	1.00000047745	38.57199859619	38.57201701250
WBA_64	36.96875	-120.21875	0.999999810754	38.57220077515	38.57219347550
WBA_64	36.96875	-120.28125	1.00000077695	38.57239913940	38.57242910830
WBA_64	36.96875	-120.34375	1.00000058899	38.57270050049	38.57272321950
WBA_64	36.96875	-120.40625	0.999999353005	38.57310104370	38.57307608710
WBA_64	36.96875	-120.46875	0.810484481723	38.57350158691	31.26322444190
WBA_64	36.96875	-120.53125	0.00498201184923	38.57400131226	0.19217613161
WBA_64	37.03125	-119.71875	0.0896615698663	38.54130172729	3.45567361756
WBA_64	37.03125	-119.78125	0.275562682328	38.54100036621	10.62046144050
WBA_64	37.03125	-119.84375	0.318409961036	38.54090118408	12.27180684430
WBA_64	37.03125	-119.90625	0.829685634717	38.54069900513	31.97666431650
WBA_64	37.03125	-119.96875	0.999999757969	38.54069900513	38.54068967710
WBA_64	37.03125	-120.03125	0.999999757969	38.54069900513	38.54068967710
WBA_64	37.03125	-120.09375	1.00000128569	38.54069900513	38.54074855660
WBA_64	37.03125	-120.15625	0.999999086286	38.54090118408	38.54086596870
WBA_64	37.03125	-120.21875	1.00000107983	38.54100036621	38.54104198410
WBA_64	37.03125	-120.28125	0.999999353541	38.54130172729	38.54127681190
WBA_64	37.03125	-120.34375	0.999999273827	38.54159927368	38.54157128580
WBA_64	37.03125	-120.40625	1.00000056191	38.54190063477	38.54192229200
WBA_64	37.03125	-120.46875	1.00000084045	38.54230117798	38.54233357100
WBA_64	37.03125	-120.53125	0.48242699931	38.54280090332	18.59408778480
WBA_71	37.40625	-121.03125	0.106398078215	38.36069869995	4.08150462067
WBA_71	37.40625	-121.09375	0.780233241588	38.36169815063	29.93107210090
WBA_71	37.40625	-121.15625	0.949686132291	38.36270141602	36.43252553200
WBA_71	37.40625	-121.21875	0.00821228583454	38.36380004883	0.31505449170
WBA_71	37.46875	-121.03125	0.271974468864	38.32920074463	10.42456401450
WBA_71	37.46875	-121.09375	0.938904736892	38.33020019531	35.98840652940
WBA_71	37.46875	-121.15625	0.974878045582	38.33119964600	37.36824499570
WBA_71	37.46875	-121.21875	0.244000559684	38.33229827881	9.35310223400
WBA_71	37.53125	-121.09375	0.284659083667	38.29859924316	10.90204416630
WBA_71	37.53125	-121.15625	0.971988485985	38.29970169067	37.22686906000
WBA_71	37.53125	-121.21875	0.993774189292	38.30080032349	38.06234679070
WBA_71	37.53125	-121.28125	0.489933446057	38.30189895630	18.76538134620
WBA_71	37.53125	-121.34375	0.0304401153412	38.30310058594	1.16595079976
WBA_71	37.59375	-121.15625	0.280723183243	38.26810073853	10.74274305600
WBA_71	37.59375	-121.21875	0.999998916888	38.26919937134	38.26915792150
WBA_71	37.59375	-121.28125	0.990248875734	38.27030181885	37.89712335010
WBA_71	37.59375	-121.34375	0.914571851566	38.27149963379	35.00203628230
WBA_71	37.59375	-121.40625	0.297034965669	38.27280044556	11.36835996640
WBA_71	37.65625	-121.15625	0.000978263258541	38.23640060425	0.03740526585
WBA_71	37.65625	-121.21875	0.300010394244	38.23749923706	11.47164722100
WBA_71	37.65625	-121.28125	0.762275291711	38.23870086670	29.14841685780
WBA_71	37.65625	-121.34375	0.424611365796	38.23989868164	16.23709560710
WBA_71	37.65625	-121.40625	0.571407602382	38.24110031128	21.85125544130
WBA_71	37.65625	-121.46875	0.0733818973657	38.24240112305	2.80629995423
WBA_71	37.71875	-121.28125	0.0437787162911	38.20700073242	1.67265344540
WBA_71	37.71875	-121.34375	0.0219486767195	38.20819854736	0.83861939795
WBA_71	37.71875	-121.40625	0.00888873488766	38.20940017700	0.33963322839
WBA_71	37.71875	-121.46875	0.421984497132	38.21070098877	16.12432344180
WBA_71	37.71875	-121.53125	0.371677341477	38.21210098267	14.20257210550
WBA_71	37.71875	-121.59375	0.00376862276472	38.21350097656	0.14401226970
WBA_71	37.78125	-121.53125	0.00955748864788	38.18040084839	0.36490874768
WBA_71	37.78125	-121.59375	0.2399667551	38.18180084229	9.16236285198
WBA_71	37.78125	-121.65625	0.00047268739112	38.18330001831	0.01804876447
WBA_71	37.09375	-121.03125	0.208380673744	38.51750183105	8.02630298248
WBA_71	37.09375	-121.09375	0.0840342636665	38.51850128174	3.23687389275
WBA_71	37.15625	-121.03125	0.447360665934	38.48619842529	17.21721135680
WBA_71	37.15625	-121.09375	0.249298295754	38.48720169067	9.59479378982
WBA_71	37.21875	-121.03125	0.0691982420212	38.45489883423	2.66101139643
WBA_71	37.21875	-121.09375	0.549672526375	38.45589828491	21.13815076430
WBA_71	37.21875	-121.15625	0.0232346266314	38.45690155029	0.89353174892
WBA_71	37.28125	-121.03125	0.0322778806046	38.42350006104	1.24022914738
WBA_71	37.28125	-121.09375	0.874955887421	38.42449951172	33.61974206900
WBA_71	37.28125	-121.15625	0.0868105811117	38.42559814453	3.33574850449
WBA_71	37.34375	-121.03125	0.18559402059	38.39210128784	7.12534443691
WBA_71	37.34375	-121.09375	0.979904128638	38.39310073853	37.62155792490
WBA_71	37.34375	-121.15625	0.513731267659	38.39419937134	19.72430071380
WBA_71	37.34375	-121.21875	0.0125309731951	38.39530181885	0.48113049791
WBA_72	37.40625	-120.96875	0.106883502551	38.35979843140	4.10002961351
WBA_72	37.40625	-121.03125	0.840781497284	38.36069869995	32.25296568980
WBA_72	37.40625	-121.09375	0.219765823217	38.36169815063	8.43059017409
WBA_72	37.09375	-120.53125	0.0221045806506	38.51160049438	0.85128277911
WBA_72	37.09375	-120.59375	0.709741733464	38.51210021973	27.33364476930
WBA_72	37.09375	-120.65625	0.974969140451	38.51269912720	37.54869316450
WBA_72	37.09375	-120.71875	0.999998884576	38.51340103149	38.51335807270
WBA_72	37.09375	-120.78125	0.999998994776	38.51409912109	38.51406040580
WBA_72	37.09375	-120.84375	1.00000054791	38.51480102539	38.51482212800
WBA_72	37.09375	-120.90625	1.00000113093	38.51559829712	38.51564185540
WBA_72	37.09375	-120.96875	0.790930348068	38.51649856567	30.46386761690
WBA_72	37.09375	-121.03125	0.0804643409366	38.51750183105	3.09928539936
WBA_72	37.15625	-120.65625	0.242979913972	38.48149871826	9.35023124808
WBA_72	37.15625	-120.71875	0.428885246668	38.48210144043	16.50440556860
WBA_72	37.15625	-120.78125	0.934633992255	38.48279953003	35.96733255790
WBA_72	37.15625	-120.84375	0.999999098731	38.48360061646	38.48356593240
WBA_72	37.15625	-120.90625	0.999999521682	38.48440170288	38.48438329510
WBA_72	37.15625	-120.96875	0.999998986511	38.48529815674	38.48525915230
WBA_72	37.15625	-121.03125	0.53061689458	38.48619842529	20.42142709260
WBA_72	37.21875	-120.78125	0.397043134927	38.45149993896	15.26690407840
WBA_72	37.21875	-120.84375	0.978484807881	38.45230102539	37.62499238140
WBA_72	37.21875	-120.90625	0.999999481914	38.45309829712	38.45307837510
WBA_72	37.21875	-120.96875	0.999998795944	38.45399856567	38.45395226490
WBA_72	37.21875	-121.03125	0.93080140717	38.45489883423	35.79387394750
WBA_72	37.21875	-121.09375	0.0675101528823	38.45589828491	2.59616357244
WBA_72	37.28125	-120.84375	0.4655075257	38.42089843750	17.88521736680
WBA_72	37.28125	-120.90625	0.780874296094	38.42169952393	30.00251757050
WBA_72	37.28125	-120.96875	0.999116183221	38.42259979248	38.38864125410
WBA_72	37.28125	-121.03125	0.967722887439	38.42350006104	37.18330042460
WBA_72	37.28125	-121.09375	0.0137083187119	38.42449951172	0.52673528565
WBA_72	37.34375	-120.90625	0.00366001639821	38.39030075073	0.14050913028
WBA_72	37.34375	-120.96875	0.575342294731	38.39120101929	22.08808169190
WBA_72	37.34375	-121.03125	0.814406656994	38.39210128784	31.26678286480
WBA_72	37.34375	-121.09375	0.0200961915841	38.39310073853	0.77155510795
WBA_72	36.78125	-120.34375	0.028437556308	38.66590118408	1.09956374212
WBA_72	36.78125	-120.40625	0.170047081954	38.66630172729	6.57509177868
WBA_72	36.84375	-120.40625	0.250344149736	38.63520050049	9.67209641916
WBA_72	36.84375	-120.46875	0.294988290511	38.63570022583	11.39707916230
WBA_72	36.84375	-120.53125	0.00142381351185	38.63610076904	0.05501060232
WBA_72	36.90625	-120.46875	0.631585217394	38.60459899902	24.38209405120
WBA_72	36.90625	-120.53125	0.833255294058	38.60509872437	32.16790288970
WBA_72	36.90625	-120.59375	0.599874338313	38.60559844971	23.15850782520
WBA_72	36.90625	-120.65625	0.214082297172	38.60620117188	8.26490423196
WBA_72	36.90625	-120.71875	0.019216100205	38.60680007935	0.74187213892
WBA_72	36.90625	-120.78125	0.0681201093726	38.60749816895	2.62994699787
WBA_72	36.90625	-120.84375	0.0597734926023	38.60829925537	2.30775288993
WBA_72	36.96875	-120.46875	0.189515169525	38.57350158691	7.31026369240
WBA_72	36.96875	-120.53125	0.995016900598	38.57400131226	38.38178322940
WBA_72	36.96875	-120.59375	0.999999688286	38.57450103760	38.57448901340
WBA_72	36.96875	-120.65625	0.999999420005	38.57509994507	38.57507757170
WBA_72	36.96875	-120.71875	0.97658211529	38.57569885254	37.67233758420
WBA_72	36.96875	-120.78125	0.962684712088	38.57640075684	37.13691125600
WBA_72	36.96875	-120.84375	0.571643780236	38.57720184326	22.05241749260
WBA_72	37.03125	-120.53125	0.438397852615	38.54280090332	16.89708114980
WBA_72	37.03125	-120.59375	1.00000080794	38.54330062866	38.54333176950
WBA_72	37.03125	-120.65625	1.00000048986	38.54389953613	38.54391841710
WBA_72	37.03125	-120.71875	0.999999045923	38.54460144043	38.54456466590
WBA_72	37.03125	-120.78125	0.999999186297	38.54529953003	38.54526816560
WBA_72	37.03125	-120.84375	0.937491507911	38.54600143433	36.13654900860
WBA_72	37.03125	-120.90625	0.439320153875	38.54690170288	16.93443078750
WBA_72	37.03125	-120.96875	0.0128436336749	38.54769897461	0.49509252464
WBA_73	37.09375	-120.96875	0.209070214568	38.51649856567	8.05265261955
WBA_73	37.09375	-121.03125	0.699185315806	38.51750183105	26.93087168180
WBA_73	37.09375	-121.09375	0.0714764017237	38.51850128174	2.75316387141
WBA_73	36.71875	-120.65625	0.564766367395	38.69919967651	21.85600642240
WBA_73	36.71875	-120.71875	0.327769665151	38.69990158081	12.68465378250
WBA_73	36.78125	-120.34375	0.00525411377257	38.66590118408	0.20315504394
WBA_73	36.78125	-120.40625	0.545422561797	38.66630172729	21.08947334330
WBA_73	36.78125	-120.46875	0.309039493878	38.66669845581	11.94953692070
WBA_73	36.78125	-120.53125	0.318902444006	38.66709899902	12.33103237340
WBA_73	36.78125	-120.59375	0.436753360411	38.66770172119	16.88824866610
WBA_73	36.78125	-120.65625	0.98774082967	38.66830062866	38.19425934490
WBA_73	36.78125	-120.71875	0.966235739201	38.66889953613	37.36327272740
WBA_73	36.78125	-120.78125	0.260544832954	38.66960144043	10.07516484770
WBA_73	36.84375	-120.40625	0.05251502079	38.63520050049	2.02892835751
WBA_73	36.84375	-120.46875	0.628853163936	38.63570022583	24.29618232790
WBA_73	36.84375	-120.53125	0.998576975654	38.63610076904	38.58112065700
WBA_73	36.84375	-120.59375	0.999999066217	38.63669967651	38.63666359820
WBA_73	36.84375	-120.65625	0.999998872106	38.63729858398	38.63725500520
WBA_73	36.84375	-120.71875	1.00000010799	38.63790130615	38.63790547880
WBA_73	36.84375	-120.78125	0.484436551123	38.63859939575	18.71794983150
WBA_73	36.90625	-120.53125	0.166743924487	38.60509872437	6.43716566652
WBA_73	36.90625	-120.59375	0.400125666733	38.60559844971	15.44709081930
WBA_73	36.90625	-120.65625	0.785917390476	38.60620117188	30.34128488120
WBA_73	36.90625	-120.71875	0.980784898789	38.60680007935	37.86496650840
WBA_73	36.90625	-120.78125	0.853375567503	38.60749816895	32.94669565980
WBA_73	36.90625	-120.84375	0.0952653951173	38.60829925537	3.67803488337
WBA_73	36.96875	-120.71875	0.0234185545831	38.57569885254	0.90338710916
WBA_73	36.96875	-120.78125	0.0373160779655	38.57640075684	1.43951997827
WBA_73	36.96875	-120.84375	0.373864846722	38.57720184326	14.42265965410
WBA_73	36.96875	-120.90625	0.532025381366	38.57799911499	20.52447469150
WBA_73	36.96875	-120.96875	0.165987848244	38.57889938354	6.40362849630
WBA_73	36.96875	-121.03125	0.14841630284	38.57979965210	5.72587122868
WBA_73	36.96875	-121.09375	0.000583468929195	38.58079910278	0.02251069754
WBA_73	37.03125	-120.84375	0.0625092913714	38.54600143433	2.40948323486
WBA_73	37.03125	-120.90625	0.560678613936	38.54690170288	21.61242341830
WBA_73	37.03125	-120.96875	0.98715728699	38.54769897461	38.05264193950
WBA_73	37.03125	-121.03125	0.998795010027	38.54869842529	38.50224763020
WBA_73	37.03125	-121.09375	0.133787204755	38.54970169067	5.15745683333
WBA_73	36.65625	-120.65625	0.00168801432641	38.73020172119	0.06537713537
WBA_73	36.65625	-120.71875	0.00452486423351	38.73080062866	0.17525161450
WBA_90	36.71875	-120.34375	0.195796230682	38.69689941406	7.57670704437
WBA_90	36.71875	-120.40625	0.906842180059	38.69720077515	35.09225391310
WBA_90	36.71875	-120.46875	1.00000107206	38.69760131836	38.69764280440
WBA_90	36.71875	-120.53125	1.00000043929	38.69810104370	38.69811804340
WBA_90	36.71875	-120.59375	0.999998781112	38.69869995117	38.69865278180
WBA_90	36.71875	-120.65625	0.435234847309	38.69919967651	16.84324026220
WBA_90	36.71875	-120.71875	2.44198140408e-06	38.69990158081	0.00009450444
WBA_90	36.78125	-120.40625	0.188025763441	38.66630172729	7.27026090170
WBA_90	36.78125	-120.46875	0.690959860838	38.66669845581	26.71713658410
WBA_90	36.78125	-120.53125	0.681098847539	38.66709899902	26.33611656590
WBA_90	36.78125	-120.59375	0.563246131134	38.66770172119	21.77943339430
WBA_90	36.78125	-120.65625	0.012258483078	38.66830062866	0.47401470891
WBA_90	36.40625	-119.96875	0.14591102513	38.85010147095	5.66865813202
WBA_90	36.40625	-120.03125	0.677503392679	38.85010147095	26.32107555250
WBA_90	36.40625	-120.09375	0.921086456553	38.85020065308	35.78439365590
WBA_90	36.40625	-120.15625	0.999999580628	38.85029983521	38.85028354250
WBA_90	36.40625	-120.21875	0.999999118831	38.85049819946	38.85046396560
WBA_90	36.40625	-120.28125	1.00000011474	38.85070037842	38.85070483610
WBA_90	36.40625	-120.34375	1.00000008307	38.85100173950	38.85100496700
WBA_90	36.40625	-120.40625	0.902848525156	38.85139846802	35.07692780710
WBA_90	36.40625	-120.46875	0.0968749051853	38.85179901123	3.76376434549
WBA_90	36.46875	-120.09375	0.275582516351	38.81940078735	10.69794815220
WBA_90	36.46875	-120.15625	0.999998781164	38.81959915161	38.81955183690
WBA_90	36.46875	-120.21875	1.0000008463	38.81969833374	38.81973118670
WBA_90	36.46875	-120.28125	0.999999263621	38.81999969482	38.81997110860
WBA_90	36.46875	-120.34375	0.999999230647	38.82030105591	38.82027118940
WBA_90	36.46875	-120.40625	1.00000085637	38.82059860229	38.82063184710
WBA_90	36.46875	-120.46875	0.638443720057	38.82109832764	24.78508643300
WBA_90	36.46875	-120.53125	0.000160054321979	38.82149887085	0.00621354868
WBA_90	36.53125	-120.09375	0.0583342520849	38.78870010376	2.26270980990
WBA_90	36.53125	-120.15625	0.366235756469	38.78879928589	14.20584524900
WBA_90	36.53125	-120.21875	0.906727333994	38.78900146484	35.17104788650
WBA_90	36.53125	-120.28125	0.999999791558	38.78919982910	38.78919174380
WBA_90	36.53125	-120.34375	0.999999726741	38.78950119019	38.78949059060
WBA_90	36.53125	-120.40625	1.00000131451	38.78979873657	38.78984972620
WBA_90	36.53125	-120.46875	0.999999251756	38.79029846191	38.79026943730
WBA_90	36.53125	-120.53125	0.579314621258	38.79069900513	22.47201910250
WBA_90	36.53125	-120.59375	0.0826897628182	38.79130172729	3.20764353924
WBA_90	36.59375	-120.21875	0.0548057968712	38.75809860229	2.12416847911
WBA_90	36.59375	-120.28125	0.673926881878	38.75839996338	26.12032763390
WBA_90	36.59375	-120.34375	0.999999031646	38.75870132446	38.75866379230
WBA_90	36.59375	-120.40625	1.00000061202	38.75899887085	38.75902259230
WBA_90	36.59375	-120.46875	1.00000105259	38.75939941406	38.75944021190
WBA_90	36.59375	-120.53125	1.00000048601	38.75989913940	38.75991797700
WBA_90	36.59375	-120.59375	0.954767086218	38.76050186157	37.00725142270
WBA_90	36.59375	-120.65625	0.567236961948	38.76110076904	21.98672904200
WBA_90	36.59375	-120.71875	0.106316416296	38.76169967651	4.12100499914
WBA_90	36.65625	-120.28125	0.0341793470882	38.72750091553	1.32368069565
WBA_90	36.65625	-120.34375	0.784369248065	38.72779846191	30.37689415880
WBA_90	36.65625	-120.40625	1.00000123318	38.72809982300	38.72814758190
WBA_90	36.65625	-120.46875	0.999999075277	38.72859954834	38.72856373510
WBA_90	36.65625	-120.53125	1.00000105462	38.72900009155	38.72904093590
WBA_90	36.65625	-120.59375	0.999999448703	38.72959899902	38.72957764750
WBA_90	36.65625	-120.65625	0.92880297603	38.73020172119	35.97272662090
WBA_90	36.65625	-120.71875	0.12055123385	38.73080062866	4.66904580377
WBA_90	36.09375	-119.90625	0.320446377289	39.00310134888	12.49840253030
WBA_90	36.09375	-119.96875	0.979246014556	39.00310134888	38.19363155120
WBA_90	36.09375	-120.03125	0.99999894129	39.00310134888	39.00306005590
WBA_90	36.09375	-120.09375	1.00000049773	39.00310134888	39.00312076170
WBA_90	36.09375	-120.15625	0.567575620816	39.00320053101	22.13726575520
WBA_90	36.09375	-120.21875	0.874316456665	39.00339889526	34.10131352000
WBA_90	36.09375	-120.28125	0.987130797105	39.00370025635	38.50175372410
WBA_90	36.09375	-120.34375	0.934475998609	39.00400161743	36.44830336120
WBA_90	36.09375	-120.40625	0.27541293915	39.00429916382	10.74228867220
WBA_90	36.15625	-119.84375	0.00582280932789	38.97269821167	0.22693059068
WBA_90	36.15625	-119.90625	0.935572932659	38.97259902954	36.46170876740
WBA_90	36.15625	-119.96875	0.999999056398	38.97259902954	38.97256225490
WBA_90	36.15625	-120.03125	0.999999049187	38.97259902954	38.97256197390
WBA_90	36.15625	-120.09375	1.00000059394	38.97259902954	38.97262217710
WBA_90	36.15625	-120.15625	1.00000115468	38.97269821167	38.97274321280
WBA_90	36.15625	-120.21875	1.00000066913	38.97290039062	38.97292646870
WBA_90	36.15625	-120.28125	0.99999913732	38.97320175171	38.97316813030
WBA_90	36.15625	-120.34375	0.999999326686	38.97349929810	38.97347305670
WBA_90	36.15625	-120.40625	0.819013561634	38.97380065918	31.92007128830
WBA_90	36.21875	-119.84375	0.0496145621245	38.94219970703	1.93210018663
WBA_90	36.21875	-119.90625	0.993888211694	38.94210052490	38.70409465030
WBA_90	36.21875	-119.96875	1.00000040964	38.94200134277	38.94201729490
WBA_90	36.21875	-120.03125	1.00000041685	38.94200134277	38.94201757590
WBA_90	36.21875	-120.09375	0.999999426364	38.94210052490	38.94207818630
WBA_90	36.21875	-120.15625	0.999999981716	38.94219970703	38.94219899500
WBA_90	36.21875	-120.21875	0.999999484287	38.94240188599	38.94238180290
WBA_90	36.21875	-120.28125	1.00000057895	38.94260025024	38.94262279600
WBA_90	36.21875	-120.34375	1.00000063152	38.94290161133	38.94292620450
WBA_90	36.21875	-120.40625	0.716362146243	38.94329833984	27.89750478050
WBA_90	36.28125	-119.84375	0.0608425692962	38.91159820557	2.36748161025
WBA_90	36.28125	-119.90625	0.89704520008	38.91149902344	34.90537342690
WBA_90	36.28125	-119.96875	1.00000065994	38.91139984131	38.91142552040
WBA_90	36.28125	-120.03125	1.00000065273	38.91139984131	38.91142523980
WBA_90	36.28125	-120.09375	0.999999679114	38.91149902344	38.91148653730
WBA_90	36.28125	-120.15625	1.00000022185	38.91159820557	38.91160683800
WBA_90	36.28125	-120.21875	0.999999696423	38.91180038452	38.91178857180
WBA_90	36.28125	-120.28125	1.00000079091	38.91199874878	38.91202952460
WBA_90	36.28125	-120.34375	0.767036197843	38.91230010986	29.84714272560
WBA_90	36.28125	-120.40625	0.0888592900513	38.91270065308	3.45775495401
WBA_90	36.34375	-119.90625	0.303459308553	38.88079833984	11.79874018020
WBA_90	36.34375	-119.96875	0.968599453016	38.88079833984	37.65992000480
WBA_90	36.34375	-120.03125	0.987198928327	38.88079833984	38.38308245360
WBA_90	36.34375	-120.09375	1.00000128462	38.88079833984	38.88084828700
WBA_90	36.34375	-120.15625	0.999999181832	38.88100051880	38.88096870760
WBA_90	36.34375	-120.21875	1.00000129175	38.88109970093	38.88114992540
WBA_90	36.34375	-120.28125	0.999999731511	38.88140106201	38.88139062280
WBA_90	36.34375	-120.34375	0.712024129052	38.88169860840	27.68470758770
WBA_90	36.34375	-120.40625	0.0887688866867	38.88209915161	3.45152065373
WBA_90	35.96875	-120.03125	0.436487579035	39.06389999390	17.05090713600
WBA_90	35.96875	-120.09375	0.571201117875	39.06399917603	22.31339999800
WBA_90	35.96875	-120.15625	0.296012349308	39.06409835815	11.56345552860
WBA_90	36.03125	-119.96875	0.507217275401	39.03350067139	19.79846585990
WBA_90	36.03125	-120.03125	0.852861454228	39.03350067139	33.29016814620
WBA_90	36.03125	-120.09375	0.999999258579	39.03359985352	39.03357091320
WBA_90	36.03125	-120.15625	0.675544519502	39.03369903564	26.36900145940
WBA_90	36.03125	-120.21875	0.34091231662	39.03390121460	13.30713768980
WBA_90	36.03125	-120.28125	0.181738756045	39.03409957886	7.09400870081
WBA_90	36.03125	-120.34375	0.0981598727893	39.03440093994	3.83161183067
WBA_91	36.71875	-120.34375	0.195796230682	38.69689941406	7.57670704437
WBA_91	36.71875	-120.40625	0.906842180059	38.69720077515	35.09225391310
WBA_91	36.71875	-120.46875	1.00000107206	38.69760131836	38.69764280440
WBA_91	36.71875	-120.53125	1.00000043929	38.69810104370	38.69811804340
WBA_91	36.71875	-120.59375	0.999998781112	38.69869995117	38.69865278180
WBA_91	36.71875	-120.65625	0.435234847309	38.69919967651	16.84324026220
WBA_91	36.71875	-120.71875	2.44198140408e-06	38.69990158081	0.00009450444
WBA_91	36.78125	-120.40625	0.188025763441	38.66630172729	7.27026090170
WBA_91	36.78125	-120.46875	0.690959860838	38.66669845581	26.71713658410
WBA_91	36.78125	-120.53125	0.681098847539	38.66709899902	26.33611656590
WBA_91	36.78125	-120.59375	0.563246131134	38.66770172119	21.77943339430
WBA_91	36.78125	-120.65625	0.012258483078	38.66830062866	0.47401470891
WBA_91	36.40625	-119.96875	0.14591102513	38.85010147095	5.66865813202
WBA_91	36.40625	-120.03125	0.677503392679	38.85010147095	26.32107555250
WBA_91	36.40625	-120.09375	0.921086456553	38.85020065308	35.78439365590
WBA_91	36.40625	-120.15625	0.999999580628	38.85029983521	38.85028354250
WBA_91	36.40625	-120.21875	0.999999118831	38.85049819946	38.85046396560
WBA_91	36.40625	-120.28125	1.00000011474	38.85070037842	38.85070483610
WBA_91	36.40625	-120.34375	1.00000008307	38.85100173950	38.85100496700
WBA_91	36.40625	-120.40625	0.902848525156	38.85139846802	35.07692780710
WBA_91	36.40625	-120.46875	0.0968749051853	38.85179901123	3.76376434549
WBA_91	36.46875	-120.09375	0.275582516351	38.81940078735	10.69794815220
WBA_91	36.46875	-120.15625	0.999998781164	38.81959915161	38.81955183690
WBA_91	36.46875	-120.21875	1.0000008463	38.81969833374	38.81973118670
WBA_91	36.46875	-120.28125	0.999999263621	38.81999969482	38.81997110860
WBA_91	36.46875	-120.34375	0.999999230647	38.82030105591	38.82027118940
WBA_91	36.46875	-120.40625	1.00000085637	38.82059860229	38.82063184710
WBA_91	36.46875	-120.46875	0.638443720057	38.82109832764	24.78508643300
WBA_91	36.46875	-120.53125	0.000160054321979	38.82149887085	0.00621354868
WBA_91	36.53125	-120.09375	0.0583342520849	38.78870010376	2.26270980990
WBA_91	36.53125	-120.15625	0.366235756469	38.78879928589	14.20584524900
WBA_91	36.53125	-120.21875	0.906727333994	38.78900146484	35.17104788650
WBA_91	36.53125	-120.28125	0.999999791558	38.78919982910	38.78919174380
WBA_91	36.53125	-120.34375	0.999999726741	38.78950119019	38.78949059060
WBA_91	36.53125	-120.40625	1.00000131451	38.78979873657	38.78984972620
WBA_91	36.53125	-120.46875	0.999999251756	38.79029846191	38.79026943730
WBA_91	36.53125	-120.53125	0.579314621258	38.79069900513	22.47201910250
WBA_91	36.53125	-120.59375	0.0826897628182	38.79130172729	3.20764353924
WBA_91	36.59375	-120.21875	0.0548057968712	38.75809860229	2.12416847911
WBA_91	36.59375	-120.28125	0.673926881878	38.75839996338	26.12032763390
WBA_91	36.59375	-120.34375	0.999999031646	38.75870132446	38.75866379230
WBA_91	36.59375	-120.40625	1.00000061202	38.75899887085	38.75902259230
WBA_91	36.59375	-120.46875	1.00000105259	38.75939941406	38.75944021190
WBA_91	36.59375	-120.53125	1.00000048601	38.75989913940	38.75991797700
WBA_91	36.59375	-120.59375	0.954767086218	38.76050186157	37.00725142270
WBA_91	36.59375	-120.65625	0.567236961948	38.76110076904	21.98672904200
WBA_91	36.59375	-120.71875	0.106316416296	38.76169967651	4.12100499914
WBA_91	36.65625	-120.28125	0.0341793470882	38.72750091553	1.32368069565
WBA_91	36.65625	-120.34375	0.784369248065	38.72779846191	30.37689415880
WBA_91	36.65625	-120.40625	1.00000123318	38.72809982300	38.72814758190
WBA_91	36.65625	-120.46875	0.999999075277	38.72859954834	38.72856373510
WBA_91	36.65625	-120.53125	1.00000105462	38.72900009155	38.72904093590
WBA_91	36.65625	-120.59375	0.999999448703	38.72959899902	38.72957764750
WBA_91	36.65625	-120.65625	0.92880297603	38.73020172119	35.97272662090
WBA_91	36.65625	-120.71875	0.12055123385	38.73080062866	4.66904580377
WBA_91	36.09375	-119.90625	0.320446377289	39.00310134888	12.49840253030
WBA_91	36.09375	-119.96875	0.979246014556	39.00310134888	38.19363155120
WBA_91	36.09375	-120.03125	0.99999894129	39.00310134888	39.00306005590
WBA_91	36.09375	-120.09375	1.00000049773	39.00310134888	39.00312076170
WBA_91	36.09375	-120.15625	0.567575620816	39.00320053101	22.13726575520
WBA_91	36.09375	-120.21875	0.874316456665	39.00339889526	34.10131352000
WBA_91	36.09375	-120.28125	0.987130797105	39.00370025635	38.50175372410
WBA_91	36.09375	-120.34375	0.934475998609	39.00400161743	36.44830336120
WBA_91	36.09375	-120.40625	0.27541293915	39.00429916382	10.74228867220
WBA_91	36.15625	-119.84375	0.00582280932789	38.97269821167	0.22693059068
WBA_91	36.15625	-119.90625	0.935572932659	38.97259902954	36.46170876740
WBA_91	36.15625	-119.96875	0.999999056398	38.97259902954	38.97256225490
WBA_91	36.15625	-120.03125	0.999999049187	38.97259902954	38.97256197390
WBA_91	36.15625	-120.09375	1.00000059394	38.97259902954	38.97262217710
WBA_91	36.15625	-120.15625	1.00000115468	38.97269821167	38.97274321280
WBA_91	36.15625	-120.21875	1.00000066913	38.97290039062	38.97292646870
WBA_91	36.15625	-120.28125	0.99999913732	38.97320175171	38.97316813030
WBA_91	36.15625	-120.34375	0.999999326686	38.97349929810	38.97347305670
WBA_91	36.15625	-120.40625	0.819013561634	38.97380065918	31.92007128830
WBA_91	36.21875	-119.84375	0.0496145621245	38.94219970703	1.93210018663
WBA_91	36.21875	-119.90625	0.993888211694	38.94210052490	38.70409465030
WBA_91	36.21875	-119.96875	1.00000040964	38.94200134277	38.94201729490
WBA_91	36.21875	-120.03125	1.00000041685	38.94200134277	38.94201757590
WBA_91	36.21875	-120.09375	0.999999426364	38.94210052490	38.94207818630
WBA_91	36.21875	-120.15625	0.999999981716	38.94219970703	38.94219899500
WBA_91	36.21875	-120.21875	0.999999484287	38.94240188599	38.94238180290
WBA_91	36.21875	-120.28125	1.00000057895	38.94260025024	38.94262279600
WBA_91	36.21875	-120.34375	1.00000063152	38.94290161133	38.94292620450
WBA_91	36.21875	-120.40625	0.716362146243	38.94329833984	27.89750478050
WBA_91	36.28125	-119.84375	0.0608425692962	38.91159820557	2.36748161025
WBA_91	36.28125	-119.90625	0.89704520008	38.91149902344	34.90537342690
WBA_91	36.28125	-119.96875	1.00000065994	38.91139984131	38.91142552040
WBA_91	36.28125	-120.03125	1.00000065273	38.91139984131	38.91142523980
WBA_91	36.28125	-120.09375	0.999999679114	38.91149902344	38.91148653730
WBA_91	36.28125	-120.15625	1.00000022185	38.91159820557	38.91160683800
WBA_91	36.28125	-120.21875	0.999999696423	38.91180038452	38.91178857180
WBA_91	36.28125	-120.28125	1.00000079091	38.91199874878	38.91202952460
WBA_91	36.28125	-120.34375	0.767036197843	38.91230010986	29.84714272560
WBA_91	36.28125	-120.40625	0.0888592900513	38.91270065308	3.45775495401
WBA_91	36.34375	-119.90625	0.303459308553	38.88079833984	11.79874018020
WBA_91	36.34375	-119.96875	0.968599453016	38.88079833984	37.65992000480
WBA_91	36.34375	-120.03125	0.987198928327	38.88079833984	38.38308245360
WBA_91	36.34375	-120.09375	1.00000128462	38.88079833984	38.88084828700
WBA_91	36.34375	-120.15625	0.999999181832	38.88100051880	38.88096870760
WBA_91	36.34375	-120.21875	1.00000129175	38.88109970093	38.88114992540
WBA_91	36.34375	-120.28125	0.999999731511	38.88140106201	38.88139062280
WBA_91	36.34375	-120.34375	0.712024129052	38.88169860840	27.68470758770
WBA_91	36.34375	-120.40625	0.0887688866867	38.88209915161	3.45152065373
WBA_91	35.96875	-120.03125	0.436487579035	39.06389999390	17.05090713600
WBA_91	35.96875	-120.09375	0.571201117875	39.06399917603	22.31339999800
WBA_91	35.96875	-120.15625	0.296012349308	39.06409835815	11.56345552860
WBA_91	36.03125	-119.96875	0.507217275401	39.03350067139	19.79846585990
WBA_91	36.03125	-120.03125	0.852861454228	39.03350067139	33.29016814620
WBA_91	36.03125	-120.09375	0.999999258579	39.03359985352	39.03357091320
WBA_91	36.03125	-120.15625	0.675544519502	39.03369903564	26.36900145940
WBA_91	36.03125	-120.21875	0.34091231662	39.03390121460	13.30713768980
WBA_91	36.03125	-120.28125	0.181738756045	39.03409957886	7.09400870081
WBA_91	36.03125	-120.34375	0.0981598727893	39.03440093994	3.83161183067