100	39.59375	-122.34375	0.0111728827637	37.26110076904	0.41631391054
100	39.59375	-122.40625	0.0132057793743	37.26309967041	0.49208827305
100	39.65625	-122.34375	0.00339701069157	37.22790145874	0.12646357928
100	39.65625	-122.40625	0.337403689843	37.22990036011	12.56150575400
100	39.65625	-122.46875	0.178690603519	37.23199844360	6.65300827211
101	39.84375	-122.46875	0.0871101229084	37.13219833374	3.23459036071
101	39.84375	-122.53125	0.489285535338	37.13420104980	18.16922744000
101	39.90625	-122.53125	0.0206910923281	37.10089874268	0.76765812134
101	39.78125	-122.46875	0.0626262458537	37.16550064087	2.32753578041
101	39.78125	-122.53125	0.0468981069147	37.16759872437	1.74309001874
102	39.96875	-122.53125	0.526557652881	37.06750106812	19.51817636060
102	39.96875	-122.59375	0.0805634755066	37.06959915161	2.98645574329
103	40.03125	-122.53125	0.162975050491	37.03400039673	6.03561808453
103	40.03125	-122.59375	0.00776405375889	37.03609848022	0.28755025962
103	40.09375	-122.53125	0.150104052525	37.00049972534	5.55392495423
103	40.09375	-122.59375	0.00195485307103	37.00260162354	0.07233464942
104	40.03125	-122.59375	0.199520340461	37.03609848022	7.38945497813
104	40.03125	-122.65625	0.403606235431	37.03829956055	14.94888865240
104	40.03125	-122.71875	0.0996638809397	37.04050064087	3.69160004582
104	40.09375	-122.53125	0.325134704228	37.00049972534	12.03014653450
104	40.09375	-122.59375	0.998045834991	37.00260162354	36.93029243420
104	40.09375	-122.65625	0.833647559267	37.00479888916	30.84896027510
104	40.09375	-122.71875	0.197074584984	37.00699996948	7.29313916050
104	40.15625	-122.53125	0.049376918249	36.96699905396	1.82531649020
104	40.15625	-122.59375	0.143796828713	36.96910095215	5.31603947730
104	40.15625	-122.65625	0.000115602702414	36.97119903564	0.00427397052
105	40.03125	-122.71875	5.56631993177e-05	37.04050064087	0.00206179277
105	40.03125	-122.78125	0.198861389413	37.04280090332	7.36638285540
105	40.03125	-122.84375	0.390956250577	37.04520034790	14.48305262990
105	40.03125	-122.90625	0.311639855674	37.04750061035	11.54547774330
105	40.03125	-122.96875	0.0420628113623	37.04999923706	1.55842712888
105	40.09375	-122.65625	0.166352447966	37.00479888916	6.15583888169
105	40.09375	-122.71875	0.800038430162	37.00699996948	29.60702216060
105	40.09375	-122.78125	0.999999991331	37.00930023193	37.00929991110
105	40.09375	-122.84375	1.00000074994	37.01160049438	37.01162825090
105	40.09375	-122.90625	1.00000021831	37.01399993896	37.01400801950
105	40.09375	-122.96875	0.4429705533	37.01639938354	16.39717491610
105	40.15625	-122.53125	0.00379610036982	36.96699905396	0.14033043878
105	40.15625	-122.59375	0.771946625514	36.96910095215	28.53817272830
105	40.15625	-122.65625	0.832751695595	36.97119903564	30.78782868510
105	40.15625	-122.71875	0.292422570488	36.97349929810	10.81188570470
105	40.15625	-122.78125	0.642473611579	36.97570037842	23.75591176280
105	40.15625	-122.84375	0.427756556468	36.97809982300	15.81762464500
105	40.15625	-122.90625	0.79909315187	36.98040008545	29.55078446170
105	40.15625	-122.96875	0.641563641696	36.98279953003	23.72681954660
105	40.21875	-122.59375	0.081538321544	36.93550109863	3.01165876497
105	40.21875	-122.65625	0.0536653558515	36.93759918213	1.98226940441
106	40.15625	-122.65625	0.155717702513	36.97119903564	5.75707017299
106	40.15625	-122.71875	0.60288257348	36.97349929810	22.29067840740
106	40.15625	-122.78125	0.357527156936	36.97570037842	13.21981703200
106	40.15625	-122.84375	0.572242118308	36.97809982300	21.16042617370
106	40.15625	-122.90625	0.200907510523	36.98040008545	7.42964011930
106	40.15625	-122.96875	0.00144215394583	36.98279953003	0.05333489027
106	40.21875	-122.59375	0.0897367339422	36.93550109863	3.31447123511
106	40.21875	-122.65625	0.400611510987	36.93759918213	14.79762742060
106	40.21875	-122.71875	0.0250934391706	36.93980026245	0.92694663086
106	40.21875	-122.78125	0.268024247753	36.94210052490	9.90137870359
106	40.21875	-122.84375	0.536158977492	36.94440078735	19.80807215020
106	40.21875	-122.90625	0.310556488431	36.94680023193	11.47406853880
106	40.21875	-122.96875	0.000768059154148	36.94919967651	0.02837917105
107	40.28125	-122.59375	0.198811507874	36.90179824829	7.33650215302
107	40.28125	-122.65625	0.502102370681	36.90399932861	18.52958555050
107	40.28125	-122.71875	0.103406574308	36.90620040894	3.81634375502
107	40.15625	-122.65625	0.0114161310969	36.97119903564	0.42206805500
107	40.15625	-122.71875	0.104693778553	36.97349929810	3.87089534785
107	40.21875	-122.59375	0.0661135009732	36.93550109863	2.44193528783
107	40.21875	-122.65625	0.545564635997	36.93759918213	20.15184785240
107	40.21875	-122.71875	0.922739369391	36.93980026245	34.08580799960
107	40.21875	-122.78125	0.482278769958	36.94210052490	17.81639080080
107	40.21875	-122.84375	0.0757815759559	36.94440078735	2.79970491441
108	40.28125	-122.59375	0.17523523574	36.90179824829	6.46649531528
108	40.28125	-122.65625	0.497897386817	36.90399932861	18.37440482880
108	40.28125	-122.71875	0.891727570144	36.90620040894	32.91027641390
108	40.28125	-122.78125	0.999998750546	36.90850067139	36.90845455590
108	40.28125	-122.84375	0.999998972622	36.91080093384	36.91076301250
108	40.28125	-122.90625	0.119214695963	36.91310119629	4.40058413618
108	40.34375	-122.59375	0.0753204882802	36.86809921265	2.77692323466
108	40.34375	-122.65625	0.0871306952977	36.87030029297	3.21253490036
108	40.34375	-122.71875	0.0257426767064	36.87250137329	0.94919688221
108	40.34375	-122.78125	0.132930448948	36.87469863892	4.90177024491
108	40.34375	-122.84375	0.255130357051	36.87710189819	9.40846817430
108	40.34375	-122.90625	0.0279920669292	36.87939834595	1.03233058681
108	40.21875	-122.71875	0.0521685529464	36.93980026245	1.92709592582
108	40.21875	-122.78125	0.249697357639	36.94210052490	9.22434488672
108	40.21875	-122.84375	0.388060221437	36.94440078735	14.33665235040
108	40.21875	-122.90625	0.307889198815	36.94680023193	11.37552072220
109	40.28125	-122.71875	0.00486576331159	36.90620040894	0.17957683592
109	40.28125	-122.90625	0.880785903737	36.91310119629	32.51253919690
109	40.28125	-122.96875	0.994802872911	36.91550064087	36.72364609250
109	40.28125	-123.03125	0.76466670245	36.91799926758	28.22996476100
109	40.28125	-123.09375	0.0198697521064	36.92050170898	0.73360121660
109	40.34375	-122.59375	0.456407799563	36.86809921265	16.82688803570
109	40.34375	-122.65625	0.912869250406	36.87030029297	33.65776339070
109	40.34375	-122.71875	0.97425724491	36.87250137329	35.92330160090
109	40.34375	-122.78125	0.867070939901	36.87469863892	31.97297960740
109	40.34375	-122.84375	0.74486829799	36.87710189819	27.46858412570
109	40.34375	-122.90625	0.972008143797	36.87939834595	35.84707553060
109	40.34375	-122.96875	1.00000026024	36.88180160522	36.88181120330
109	40.34375	-123.03125	0.792174185089	36.88430023193	29.21879047880
109	40.34375	-123.09375	0.0128142895178	36.88679885864	0.47267811996
109	40.40625	-122.53125	0.000771393928636	36.83229827881	0.02841221127
109	40.40625	-122.59375	0.139780864589	36.83440017700	5.14874430334
109	40.40625	-122.65625	0.167218323132	36.83660125732	6.15975469213
109	40.40625	-122.71875	0.40345690215	36.83879852295	14.86286753100
109	40.40625	-122.78125	0.940843066718	36.84099960327	34.66159904770
109	40.40625	-122.84375	0.999999909435	36.84329986572	36.84329652900
109	40.40625	-122.90625	0.997618637138	36.84560012817	36.75785738440
109	40.40625	-122.96875	0.733190454604	36.84799957275	27.01660155800
109	40.40625	-123.03125	0.0557539599959	36.85049819946	2.05456120244
109	40.46875	-122.71875	0.00795275720508	36.80500030518	0.29270123136
109	40.46875	-122.78125	0.932718976114	36.80720138550	34.33077518990
109	40.46875	-122.84375	0.878136703758	36.80950164795	32.32377444410
109	40.46875	-122.90625	0.257604559797	36.81179809570	9.48288704378
109	40.53125	-122.78125	0.121675077936	36.77339935303	4.47440623225
109	40.53125	-122.84375	0.0696745017487	36.77569961548	2.56232854717
109	40.15625	-122.96875	0.0113711706724	36.98279953003	0.42053772540
109	40.21875	-122.90625	0.381554215017	36.94680023193	14.09720735990
109	40.21875	-122.96875	0.611816982807	36.94919967651	22.60614786320
10	35.40625	-119.78125	0.282380961171	39.33580017090	11.10768106070
10	35.40625	-119.84375	0.752583435205	39.33560180664	29.60332233350
10	35.40625	-119.90625	0.0369222628528	39.33549880981	1.45235562650
10	35.34375	-119.78125	0.0731385188172	39.36569976807	2.87914897324
10	35.34375	-119.84375	0.175156669652	39.36560058594	6.89514749748
110	40.40625	-122.53125	0.117812935902	36.83229827881	4.33932119624
110	40.40625	-122.59375	0.671433907067	36.83440017700	24.73186522530
110	40.40625	-122.65625	0.82419811187	36.83660125732	30.36065720400
110	40.40625	-122.71875	0.59006731315	36.83879852295	21.73737086410
110	40.40625	-122.78125	0.0591569549855	36.84099960327	2.17940135515
110	40.46875	-122.65625	0.0676481259202	36.80279922485	2.48964039618
110	40.46875	-122.71875	0.192052931903	36.80500030518	7.06850821729
110	40.46875	-122.78125	0.050739630136	36.80720138550	1.86758378464
111	40.40625	-122.53125	0.132661189553	36.83229827881	4.88621650363
111	40.40625	-122.59375	0.183952168728	36.83440017700	6.77576779634
111	40.40625	-122.65625	0.00858249662046	36.83660125732	0.31615000580
111	40.40625	-122.71875	0.00647462877193	36.83879852295	0.23851754484
111	40.46875	-122.53125	0.167715604883	36.79859924316	6.17169933093
111	40.46875	-122.59375	0.997841102962	36.80059814453	36.72114944220
111	40.46875	-122.65625	0.932351350129	36.80279922485	34.31313954580
111	40.46875	-122.71875	0.799993437752	36.80500030518	29.44375872060
111	40.46875	-122.78125	0.016541539573	36.80720138550	0.60884777829
111	40.53125	-122.53125	0.0084635666283	36.76470184326	0.31116050362
111	40.53125	-122.59375	0.474529920677	36.76679992676	17.44694665280
111	40.53125	-122.65625	0.999998743869	36.76900100708	36.76895482040
111	40.53125	-122.71875	0.982798584377	36.77109909058	36.13858413220
111	40.53125	-122.78125	0.443607087531	36.77339935303	16.31294058560
111	40.59375	-122.59375	0.0153351658155	36.73300170898	0.56330667211
111	40.59375	-122.65625	0.306682879808	36.73509979248	11.26602619440
111	40.59375	-122.71875	0.129570404662	36.73730087280	4.76006694028
112	40.46875	-122.46875	0.00707439787605	36.79650115967	0.26031308965
112	40.46875	-122.53125	0.372103234227	36.79859924316	13.69287779340
112	40.46875	-122.59375	0.00216013664989	36.80059814453	0.07949432079
112	40.53125	-122.53125	0.0934960123785	36.76470184326	3.43735301863
113	40.46875	-122.40625	0.00163332077735	36.79449844360	0.06009721880
113	40.46875	-122.46875	0.31185457998	36.79650115967	11.47515741390
113	40.46875	-122.53125	0.0178517036771	36.79859924316	0.65691768942
113	40.53125	-122.40625	0.0355644936473	36.76070022583	1.30737568965
113	40.53125	-122.46875	0.263862253843	36.76269912720	9.70028864907
113	40.53125	-122.53125	0.830137193429	36.76470184326	30.51974640540
113	40.53125	-122.59375	0.525470740842	36.76679992676	19.31987759590
113	40.59375	-122.53125	0.542427755643	36.73089981079	19.92385954710
113	40.59375	-122.59375	0.306083478826	36.73300170898	11.24336495080
114	40.53125	-122.40625	0.184069242321	36.76070022583	6.76651423774
114	40.53125	-122.46875	0.734973946657	36.76269912720	27.01962606730
114	40.53125	-122.53125	0.0679043958603	36.76470184326	2.49648486765
114	40.59375	-122.40625	0.0858768292352	36.72689819336	3.15398956449
114	40.59375	-122.46875	0.0461900597217	36.72890090942	1.69651012652
114	40.59375	-122.53125	0.00666309375324	36.73089981079	0.24474142908
115	40.71875	-122.28125	0.198342902727	36.65530014038	7.27031863019
115	40.71875	-122.34375	0.74468305608	36.65719985962	27.29799561880
115	40.71875	-122.40625	0.301521588216	36.65909957886	11.05350992760
115	40.78125	-122.28125	0.00342464965547	36.62129974365	0.12541512155
115	40.78125	-122.34375	4.68945920943e-07	36.62319946289	0.00001717430
115	40.59375	-122.34375	0.004655270689	36.72499847412	0.17096480895
115	40.59375	-122.40625	0.0371977814889	36.72689819336	1.36615913376
115	40.65625	-122.28125	0.0680555569292	36.68920135498	2.49690403150
115	40.65625	-122.34375	0.89874636736	36.69110107422	32.97599380490
115	40.65625	-122.40625	0.709334419177	36.69300079346	26.02760840570
116	40.71875	-122.15625	0.0817164326299	36.65169906616	2.99504609751
116	40.71875	-122.21875	0.603232864835	36.65349960327	22.11059557190
116	40.71875	-122.28125	0.619581798153	36.65530014038	22.71095677280
116	40.71875	-122.34375	0.05422184816	36.65719985962	1.98762112476
116	40.65625	-122.15625	0.00123541730415	36.68560028076	0.04532202540
116	40.65625	-122.21875	0.555982876603	36.68740081787	20.39756664180
116	40.65625	-122.28125	0.553050858556	36.68920135498	20.29099430910
116	40.65625	-122.34375	1.95634357919e-05	36.69110107422	0.00071780400
117	40.46875	-121.84375	7.39541537196e-05	36.77899932861	0.00271995977
117	40.46875	-121.90625	0.171387462452	36.78049850464	6.30371630644
117	40.46875	-121.96875	0.39395837897	36.78210067749	14.49061675800
117	40.46875	-122.03125	0.413717660052	36.78369903564	15.21806589310
117	40.46875	-122.09375	0.427655554142	36.78540039062	15.73148078840
117	40.46875	-122.15625	0.0306966362971	36.78710174561	1.12924028271
117	40.53125	-121.71875	0.0666210763121	36.74229812622	2.44781144735
117	40.53125	-121.78125	0.506265166331	36.74369812012	18.60205444040
117	40.53125	-121.84375	0.76352823192	36.74520111084	28.05599843570
117	40.53125	-121.90625	0.998366793829	36.74670028687	36.68668534920
117	40.53125	-121.96875	0.727911038982	36.74829864502	26.74949224750
117	40.53125	-122.03125	0.464009003097	36.74990081787	17.05228484240
117	40.53125	-122.09375	0.386006982403	36.75159835815	14.18637358070
117	40.59375	-121.71875	0.332331318548	36.70849990845	12.19938417650
117	40.59375	-121.78125	0.472869635319	36.70989990234	17.35899697940
117	40.59375	-121.84375	0.484114526822	36.71139907837	17.77252159380
117	40.59375	-121.90625	0.14049001098	36.71289825439	5.15779547886
118	40.46875	-122.09375	0.114576530008	36.78540039062	4.21474353172
118	40.46875	-122.15625	0.0737453208834	36.78710174561	2.71287662260
119	40.40625	-122.03125	0.00811480531367	36.81740188599	0.29876604846
119	40.40625	-122.09375	0.187184377418	36.81909942627	6.89196020319
119	40.40625	-122.15625	0.0834053436454	36.82089996338	3.07105981478
119	40.46875	-121.84375	0.0242336302425	36.77899932861	0.89128867042
119	40.46875	-121.90625	0.13985459101	36.78049850464	5.14392157550
119	40.46875	-121.96875	0.138964840973	36.78210067749	5.11141877130
119	40.46875	-122.03125	0.534499615026	36.78369903564	19.66087297380
119	40.46875	-122.09375	0.457755125139	36.78540039062	16.83870555910
119	40.46875	-122.15625	0.0848092609286	36.78710174561	3.11988691075
119	40.53125	-121.84375	0.0459309843391	36.74520111084	1.68774325676
11	35.40625	-119.84375	0.200671743234	39.33560180664	7.89354378569
11	35.40625	-119.90625	0.419174687221	39.33549880981	16.48844541030
11	35.46875	-119.84375	0.184364756644	39.30559921265	7.24656723357
11	35.46875	-119.90625	0.367797457691	39.30550003052	14.45646298450
120	40.03125	-121.96875	0.000437214382625	37.01720046997	0.01618445245
120	40.03125	-122.03125	0.0167447303051	37.01890182495	0.61987152725
120	40.09375	-121.90625	0.356233816491	36.98210144043	13.17427513800
120	40.09375	-121.96875	0.777436626757	36.98369979858	28.75248281640
120	40.09375	-122.03125	0.700750967475	36.98540115356	25.91755564080
120	40.09375	-122.09375	0.0142019249095	36.98709869385	0.52528799827
120	40.15625	-121.84375	0.0125257604823	36.94710159302	0.46279054507
120	40.15625	-121.90625	0.543379566375	36.94869995117	20.07716855760
120	40.15625	-121.96875	0.548252360767	36.95019912720	20.25803390230
120	40.15625	-122.03125	0.696370431591	36.95190048218	25.73221088690
120	40.15625	-122.09375	0.228384684502	36.95360183716	8.43963669678
121	39.90625	-121.90625	0.0343765821791	37.08240127563	1.27476621485
121	39.96875	-121.78125	0.0718498014438	37.04589843750	2.66174044704
121	39.96875	-121.84375	0.527363514787	37.04740142822	19.53744783090
121	39.96875	-121.90625	0.916120800329	37.04899978638	33.94135933570
121	39.96875	-121.96875	0.109654704623	37.05059814453	4.06277239565
121	40.03125	-121.78125	0.122722032198	37.01250076294	4.54224931036
121	40.03125	-121.84375	0.197497255703	37.01399993896	7.31016341055
121	40.03125	-121.90625	0.135630529612	37.01559829712	5.02044520096
121	40.03125	-121.96875	0.0140035385161	37.01720046997	0.51837179254
122	39.90625	-121.78125	0.16090525129	37.07929992676	5.96625407239
122	39.90625	-121.84375	0.628563644912	37.08079910278	23.30764224030
122	39.90625	-121.90625	0.274744483786	37.08240127563	10.18818519600
122	39.96875	-121.71875	0.369224927351	37.04449844360	13.67775224660
122	39.96875	-121.78125	0.875990536913	37.04589843750	32.45185646270
122	39.96875	-121.84375	0.472637683437	37.04740142822	17.50999798840
122	39.96875	-121.90625	0.018246666036	37.04899978638	0.67602072607
122	40.03125	-121.71875	0.176908303401	37.01110076904	6.54757104406
122	40.03125	-121.78125	0.0703949816282	37.01250076294	2.60549431122
123	39.84375	-121.78125	0.280656660017	37.11259841919	10.41589791690
123	39.84375	-121.84375	0.467389547027	37.11410140991	17.34674304630
123	39.90625	-121.71875	0.152188604885	37.07780075073	5.64281876846
123	39.90625	-121.78125	0.771450162366	37.07929992676	28.60483194890
123	39.90625	-121.84375	0.369323368643	37.08079910278	13.69480563660
123	39.90625	-121.90625	0.00464017166879	37.08240127563	0.17206870781
123	39.96875	-121.71875	0.288024139027	37.04449844360	10.66970976990
123	39.96875	-121.78125	0.0521607201512	37.04589843750	1.93234074115
124	39.84375	-121.71875	0.359941668757	37.11109924316	13.35783099100
124	39.84375	-121.78125	0.719062366698	37.11259841919	26.68627285360
124	39.84375	-121.84375	0.116445765815	37.11410140991	4.32177996121
124	39.90625	-121.71875	0.531358455777	37.07780075073	19.70160295050
124	39.90625	-121.78125	0.0676443585492	37.07929992676	2.50820545900
124	39.96875	-121.71875	0.228910904289	37.04449844360	8.47988963766
124	39.78125	-121.78125	0.288652441627	37.14590072632	10.72225494110
124	39.78125	-121.84375	0.0347365197239	37.14739990234	1.29037138940
125	39.65625	-121.59375	0.00322616022493	37.20800018311	0.12003897024
125	39.65625	-121.65625	0.781796932268	37.20940017700	29.09019490990
125	39.65625	-121.71875	0.577283941607	37.21080017090	21.48119739300
125	39.65625	-121.78125	0.00784828160919	37.21229934692	0.29205260460
125	39.71875	-121.59375	0.228052866853	37.17480087280	8.47781991374
125	39.71875	-121.65625	0.868863662996	37.17620086670	32.30105006130
125	39.71875	-121.71875	0.317206195887	37.17760086060	11.79296534120
125	39.78125	-121.59375	0.117550767397	37.14160156250	4.36602376602
125	39.78125	-121.65625	0.00662294861648	37.14300155640	0.24599619077
126	39.59375	-121.53125	0.134200731412	37.23979949951	4.99760833048
126	39.59375	-121.59375	0.305450744049	37.24110031128	11.37532179930
126	39.59375	-121.65625	0.010086801327	37.24250030518	0.37565770150
126	39.65625	-121.53125	0.275600841049	37.20669937134	10.25419763940
126	39.65625	-121.59375	0.975030415864	37.20800018311	36.27893189200
126	39.65625	-121.65625	0.196160252417	37.20940017700	7.29900533099
126	39.71875	-121.59375	0.598480178918	37.17480087280	22.24838147760
126	39.78125	-121.59375	0.274943225723	37.14160156250	10.21183174210
127	39.53125	-121.53125	0.0283762734229	37.27289962769	1.05766599110
127	39.53125	-121.59375	0.082497332297	37.27420043945	3.07502209976
127	39.59375	-121.53125	0.230559822133	37.23979949951	8.58600154886
127	39.59375	-121.59375	0.326081898859	37.24110031128	12.14364870510
128	39.46875	-121.46875	0.231554873257	37.30459976196	8.63806186977
128	39.46875	-121.53125	0.239618816649	37.30590057373	8.93919574949
128	39.53125	-121.46875	0.116511524186	37.27159881592	4.34257078691
128	39.53125	-121.53125	0.00587800242585	37.27289962769	0.21909019443
129	39.40625	-121.46875	0.00507479233606	37.33760070801	0.18948056992
129	39.40625	-121.53125	0.0459416638955	37.33890151978	1.71541126385
129	39.46875	-121.46875	0.347047889397	37.30459976196	12.94648261220
129	39.46875	-121.53125	0.276748721594	37.30590057373	10.32436029170
12	35.40625	-119.90625	0.101559946755	39.33549880981	3.99491116472
12	35.40625	-119.96875	0.00533245986301	39.33539962769	0.20975443971
12	35.46875	-119.90625	0.458945816776	39.30550003052	18.03909481530
12	35.46875	-119.96875	0.122900672086	39.30550003052	4.83067237041
12	35.53125	-119.90625	0.0314786125351	39.27550125122	1.23633828601
130	39.40625	-121.46875	0.261073780933	37.33760070801	9.74786858781
130	39.40625	-121.53125	0.375176132747	37.33890151978	14.00866467320
130	39.46875	-121.46875	0.00721353191583	37.30459976196	0.26909792099
131	39.34375	-121.34375	0.76178921551	37.36809921265	28.46661498430
131	39.34375	-121.40625	0.957470211899	37.36930084229	35.77999239600
131	39.34375	-121.46875	0.927147476701	37.37049865723	34.64796353310
131	39.34375	-121.53125	0.0821698195303	37.37179946899	3.07083401789
131	39.40625	-121.28125	0.0875264911858	37.33409881592	3.26772267094
131	39.40625	-121.34375	0.881534080676	37.33520126343	32.91225232260
131	39.40625	-121.40625	0.999998769794	37.33639907837	37.33635314690
131	39.40625	-121.46875	0.733850808017	37.33760070801	27.40022844900
131	39.40625	-121.53125	0.0563474164934	37.33890151978	2.10395063534
131	39.46875	-121.28125	0.313531296011	37.30110168457	11.69506275380
131	39.46875	-121.34375	0.815504906302	37.30220031738	30.42012737470
131	39.46875	-121.40625	0.996094808749	37.30339813232	37.15772122830
131	39.46875	-121.46875	0.414183751612	37.30459976196	15.45095908180
131	39.53125	-121.40625	0.157145459829	37.27040100098	5.85687430331
131	39.53125	-121.46875	0.122995875488	37.27159881592	4.58425292721
131	39.28125	-121.34375	0.134801759731	37.40100097656	5.04172074734
131	39.28125	-121.40625	0.306363161901	37.40219879150	11.45865588380
131	39.28125	-121.46875	0.259557742017	37.40340042114	9.70834215706
132	39.21875	-121.40625	0.0739132673393	37.43500137329	2.76694326435
132	39.21875	-121.46875	0.0918427389074	37.43619918823	3.43824306773
132	39.28125	-121.40625	0.0650298789803	37.40219879150	2.43226046101
132	39.28125	-121.46875	0.218348942493	37.40340042114	8.16699292760
133	39.15625	-121.34375	0.0521359657264	37.46659851074	1.95335729584
133	39.15625	-121.40625	0.409193715693	37.46780014038	15.33158835830
133	39.15625	-121.46875	0.00262978227108	37.46900177002	0.09853531657
133	39.21875	-121.34375	0.0387323189208	37.43379974365	1.44989787009
133	39.21875	-121.40625	0.0463118015563	37.43500137329	1.73368235486
134	39.09375	-121.34375	0.123919384982	37.49929809570	4.64688995727
134	39.09375	-121.40625	0.043421581398	37.50049972534	1.62833100129
134	39.15625	-121.34375	0.574286723265	37.46659851074	21.51657009060
134	39.15625	-121.40625	0.320537998759	37.46780014038	12.00985367490
134	39.21875	-121.34375	0.0687720589184	37.43379974365	2.57439948151
135	39.03125	-121.34375	0.0058946875521	37.53200149536	0.22123942202
135	39.09375	-121.09375	0.0324566879998	37.49509811401	1.21696670101
135	39.09375	-121.15625	0.614913619136	37.49610137939	23.05686340270
135	39.09375	-121.21875	0.629030223637	37.49710083008	23.58680972090
135	39.09375	-121.28125	0.698148637315	37.49819946289	26.17931685680
135	39.09375	-121.34375	0.574310176717	37.49929809570	21.53622851610
135	39.15625	-121.15625	0.509670017511	37.46340179443	19.09397264860
135	39.15625	-121.21875	0.961331187336	37.46440124512	36.01569733180
135	39.15625	-121.28125	0.977514820964	37.46549987793	36.62308140550
135	39.15625	-121.34375	0.363996414646	37.46659851074	13.63770752690
135	39.21875	-121.21875	0.00872486702899	37.43159866333	0.32658572102
135	39.21875	-121.28125	0.0114976834917	37.43270111084	0.43038934961
135	39.21875	-121.34375	0.0514628220326	37.43379974365	1.92644897421
136	38.90625	-121.03125	0.0139209264682	37.59209823608	0.52331683533
136	38.90625	-121.09375	0.0382595580903	37.59310150146	1.43829545069
136	38.90625	-121.15625	0.0113205844965	37.59400177002	0.42558607360
136	38.96875	-120.96875	0.000342286328275	37.55870056152	0.01285582971
136	38.96875	-121.03125	0.552590914085	37.55950164795	20.75503934820
136	38.96875	-121.09375	0.966858463915	37.56050109863	36.31568839610
136	38.96875	-121.15625	0.640308571852	37.56140136719	24.05088726620
136	38.96875	-121.21875	0.523181003003	37.56250000000	19.65198642530
136	38.96875	-121.28125	0.528755591671	37.56359863281	19.86196282040
136	39.03125	-121.09375	0.0558114600192	37.52780151367	2.09448139379
136	39.03125	-121.15625	0.000776564640786	37.52880096436	0.02914353984
136	39.03125	-121.21875	0.0493873453046	37.52980041504	1.85349721231
136	39.03125	-121.28125	0.127296440525	37.53089904785	4.77754985850
137	38.84375	-121.21875	0.0393396469057	37.62760162354	1.48025656178
137	38.84375	-121.28125	0.00171158388627	37.62870025635	0.06440467702
137	38.90625	-121.03125	0.0350607662191	37.59209823608	1.31800776794
137	38.90625	-121.09375	0.809280579468	37.59310150146	30.42336696710
137	38.90625	-121.15625	0.888322658923	37.59400177002	33.39560361190
137	38.90625	-121.21875	0.993721243138	37.59510040283	37.35904990820
137	38.90625	-121.28125	0.251087451889	37.59619903564	9.43993381658
137	38.96875	-121.09375	0.0155483225939	37.56050109863	0.58400278787
137	38.96875	-121.15625	0.214062975401	37.56140136719	8.04050533690
137	38.96875	-121.21875	0.422144366049	37.56250000000	15.85679774970
137	38.96875	-121.28125	0.124075747627	37.56359863281	4.66073158392
138	38.84375	-121.21875	0.14538930253	37.62760162354	5.47065075592
138	38.90625	-121.21875	0.00473268475396	37.59510040283	0.17792575850
139	38.84375	-121.09375	0.0824968537158	37.62559890747	3.10399352904
139	38.84375	-121.15625	0.802844812432	37.62659835815	30.20831930130
139	38.84375	-121.21875	0.655262811887	37.62760162354	24.65596804440
139	38.90625	-121.09375	0.0153432329351	37.59310150146	0.57679971309
139	38.90625	-121.15625	0.100357778084	37.59400177002	3.77285048693
139	38.90625	-121.21875	0.00154537970154	37.59510040283	0.05809870504
139	38.78125	-121.15625	0.0689212607095	37.65909957886	2.59551262016
139	38.78125	-121.21875	0.273733783873	37.66009902954	10.30884140840
13	35.46875	-119.90625	0.000628902466851	39.30550003052	0.02471932593
13	35.46875	-119.96875	0.0204992852271	39.30550003052	0.80573465612
13	35.53125	-119.90625	0.0341141247677	39.27550125122	1.33984935000
13	35.53125	-119.96875	0.311457282685	39.27539825439	12.23260881670
140	38.84375	-121.09375	0.174146734527	37.62559890747	6.55237518437
140	38.84375	-121.15625	0.197155059551	37.62659835815	7.41827424000
140	38.71875	-121.15625	0.240022882106	37.69160079956	9.04684665511
140	38.71875	-121.21875	0.0993576545287	37.69260025024	3.74504835395
140	38.78125	-121.09375	0.0668184520745	37.65810012817	2.51625595863
140	38.78125	-121.15625	0.798822950581	37.65909957886	30.08295304180
140	38.78125	-121.21875	0.236618652345	37.66009902954	8.91108187955
141	38.59375	-121.03125	0.119774107781	37.75439834595	4.52199937671
141	38.59375	-121.09375	0.592903911452	37.75540161133	22.38532529380
141	38.59375	-121.15625	0.133009185842	37.75640106201	5.02194816559
141	38.65625	-121.03125	0.554229258335	37.72209930420	20.90669112020
141	38.65625	-121.09375	0.320105391307	37.72299957275	12.07533553950
141	38.71875	-121.03125	0.000480905155723	37.68960189819	0.01812512387
142	38.53125	-120.96875	0.000545106741848	37.78590011597	0.02059734890
142	38.53125	-121.03125	0.157629037013	37.78670120239	5.95628132243
142	38.53125	-121.09375	0.106280338971	37.78770065308	4.01608963435
142	38.59375	-120.96875	0.535876375591	37.75350189209	20.23120975980
142	38.59375	-121.03125	0.868237362636	37.75439834595	32.77977924780
142	38.59375	-121.09375	0.259907634298	37.75540161133	9.81291711479
142	38.65625	-120.90625	0.00357915325385	37.72040176392	0.13500709871
142	38.65625	-120.96875	0.806237287557	37.72119903564	30.41223719390
142	38.65625	-121.03125	0.370892124483	37.72209930420	13.99082955090
142	38.71875	-120.96875	0.136805867436	37.68880081177	5.15604908766
142	38.71875	-121.03125	0.0374914659753	37.68960189819	1.41303842719
143	38.46875	-120.90625	0.0038180996063	37.81729888916	0.14439021400
143	38.46875	-120.96875	0.353489305854	37.81809997559	13.36829390910
143	38.46875	-121.03125	0.101104732566	37.81900024414	3.82367990561
143	38.53125	-121.03125	0.00128513358734	37.78670120239	0.04856095887
144	38.40625	-120.90625	0.0491327775557	37.84949874878	1.85965100262
144	38.40625	-120.96875	0.266061636341	37.85039901733	10.07053909870
144	38.46875	-120.84375	0.0717211278084	37.81650161743	2.71224214577
144	38.46875	-120.90625	0.501876343483	37.81729888916	18.97960768690
144	38.46875	-120.96875	0.235278468524	37.81809997559	8.89778464473
145	38.34375	-120.78125	0.024113245467	37.88019943237	0.91341454725
145	38.34375	-120.84375	0.364385578121	37.88090133667	13.80325413330
145	38.34375	-120.90625	0.517102248619	37.88169860840	19.58871153190
145	38.34375	-120.96875	0.0188263306663	37.88249969482	0.71318846572
145	38.40625	-120.53125	0.0352071271281	37.84569931030	1.33243834687
145	38.40625	-120.59375	0.36752585875	37.84619903564	13.90945680100
145	38.40625	-120.65625	0.525547505047	37.84669876099	19.89023810810
145	38.40625	-120.71875	0.408540168088	37.84740066528	15.46218342950
145	38.40625	-120.78125	0.383799909664	37.84799957275	14.52605881700
145	38.40625	-120.84375	0.40670816196	37.84870147705	15.39337581030
145	38.40625	-120.90625	0.350825106486	37.84949874878	13.27855442900
145	38.40625	-120.96875	0.0448151034084	37.85039901733	1.69626954601
145	38.46875	-120.53125	0.614059939697	37.81349945068	23.21975519240
145	38.46875	-120.59375	0.813731493396	37.81399917603	30.77044202080
145	38.46875	-120.65625	0.290252494059	37.81449890137	10.97575261770
145	38.46875	-120.71875	0.0537785631977	37.81510162354	2.03364183249
145	38.53125	-120.46875	0.00935335682638	37.78079986572	0.35337730233
145	38.53125	-120.53125	0.0570321586079	37.78120040894	2.15474341412
146	38.34375	-120.84375	0.171012768881	37.88090133667	6.47811782531
146	38.34375	-120.90625	0.168687847095	37.88169860840	6.39018218254
147	38.34375	-120.65625	0.362341520176	37.87889862061	13.72509770880
147	38.34375	-120.71875	0.569973350986	37.87950134277	21.59030631400
147	38.34375	-120.78125	0.87764245926	37.88019943237	33.24527138710
147	38.34375	-120.84375	0.464221084591	37.88090133667	17.58511310380
147	38.34375	-120.90625	0.0041603138085	37.88169860840	0.15759975381
147	38.40625	-120.65625	0.428467541167	37.84669876099	16.21608195940
147	38.40625	-120.71875	0.501874229179	37.84740066528	18.99463503530
147	38.40625	-120.78125	0.164225490583	37.84799957275	6.21560629742
147	38.28125	-120.78125	0.0106697279539	37.91230010986	0.40451392828
147	38.28125	-120.84375	0.239659539406	37.91310119629	9.08623637015
147	38.28125	-120.90625	0.00542527512658	37.91379928589	0.20569279222
148	37.96875	-120.84375	4.94671428023e-05	38.07300186157	0.00188336262
148	38.03125	-120.65625	0.172236650644	38.03910064697	6.55172728893
148	38.03125	-120.71875	0.721790763355	38.03969955444	27.45670377920
148	38.03125	-120.78125	0.855900114985	38.04040145874	32.55878398260
148	38.03125	-120.84375	0.263753322186	38.04109954834	10.03346638550
148	38.09375	-120.65625	0.0341260804121	38.00709915161	1.29703332188
148	38.09375	-120.71875	0.102338150419	38.00780105591	3.88964806157
148	38.09375	-120.78125	0.0282384345796	38.00839996338	1.07329771584
149	37.90625	-120.78125	0.00351514626072	38.10409927368	0.13394148208
149	37.96875	-120.71875	0.296480442465	38.07160186768	11.28748536710
149	37.96875	-120.78125	0.733573539968	38.07229995728	27.92883185440
149	37.96875	-120.84375	0.0115791044043	38.07300186157	0.44085126354
149	38.03125	-120.71875	0.00649297972547	38.03969955444	0.24699099797
149	38.03125	-120.78125	0.0506428686587	38.04040145874	1.92647505480
149	38.03125	-120.84375	0.000315887630817	38.04109954834	0.01201671281
14	35.40625	-119.90625	0.0159003714852	39.33549880981	0.62544904363
14	35.40625	-119.96875	0.13250349573	39.33539962769	5.21207795659
14	35.40625	-120.03125	4.16597010711e-05	39.33539962769	0.00163870099
14	35.46875	-119.90625	0.0282120966315	39.30550003052	1.10889056501
14	35.46875	-119.96875	0.856598836129	39.30550003052	33.66904557960
14	35.46875	-120.03125	0.560754345676	39.30550003052	22.04072995110
14	35.46875	-120.09375	0.0448415694038	39.30550003052	1.76252030757
14	35.53125	-119.96875	0.429083722313	39.27539825439	16.85243407830
14	35.53125	-120.03125	1.00000067262	39.27539825439	39.27542467200
14	35.53125	-120.09375	0.668614223369	39.27550125122	26.26015876650
14	35.53125	-120.15625	0.00896467378462	39.27560043335	0.35209294558
14	35.59375	-119.96875	0.0724416782093	39.24530029297	2.84299541505
14	35.59375	-120.03125	0.334564604882	39.24530029297	13.13008838600
14	35.59375	-120.09375	0.628886621596	39.24539947510	24.68090668910
14	35.59375	-120.15625	0.204006074092	39.24549865723	8.00632010683
150	37.84375	-120.71875	0.00249034452411	38.13529968262	0.09497003474
150	37.90625	-120.65625	0.10159876254	38.10279846191	3.87119717306
150	37.90625	-120.71875	0.730109439199	38.10350036621	27.81972528390
150	37.90625	-120.78125	0.0401614353741	38.10409927368	1.53031532047
150	37.96875	-120.71875	0.14991950442	38.07160186768	5.70767568449
150	37.96875	-120.78125	0.00118373272643	38.07229995728	0.04506742743
151	37.84375	-120.59375	0.00460578714321	38.13410186768	0.17563755610
151	37.84375	-120.65625	0.405915022475	38.13460159302	15.47940766270
151	37.84375	-120.71875	0.0363296737723	38.13529968262	1.38544299668
151	37.90625	-120.59375	0.156950462577	38.10229873657	5.98017341195
151	37.90625	-120.65625	0.868075541175	38.10279846191	33.07610739510
151	37.90625	-120.71875	0.0195838829005	38.10350036621	0.74621448927
151	37.96875	-120.65625	0.400397908207	38.07099914551	15.24354842120
151	37.96875	-120.71875	0.553600307459	38.07160186768	21.07645049940
151	38.03125	-120.65625	0.0047351509814	38.03910064697	0.18012088476
151	38.03125	-120.71875	0.155514044125	38.03969955444	5.91570751501
152	37.84375	-120.53125	0.0311006113868	38.13359832764	1.18597822237
152	37.84375	-120.59375	0.587779486387	38.13410186768	22.41444280960
152	37.84375	-120.65625	0.100856264618	38.13460159302	3.84611346937
152	37.71875	-120.59375	0.00445193834524	38.19749832153	0.17005290747
152	37.78125	-120.53125	0.126264602484	38.16529846191	4.81892623898
152	37.78125	-120.59375	0.807461046479	38.16579818726	30.81739534400
152	37.78125	-120.65625	0.0662313063393	38.16640090942	2.52781059050
153	37.84375	-120.46875	0.0981271944018	38.13309860229	3.74189397969
153	37.84375	-120.53125	0.538336915332	38.13359832764	20.52872369420
153	37.84375	-120.59375	0.0199832079215	38.13410186768	0.76204168652
153	37.71875	-120.46875	0.0974452955743	38.19660186768	3.72207915893
153	37.71875	-120.53125	0.52510605167	38.19699859619	20.05747511850
153	37.71875	-120.59375	0.0433378742923	38.19749832153	1.65539838054
153	37.78125	-120.46875	0.458605868158	38.16490173340	17.50264789260
153	37.78125	-120.53125	0.873736731022	38.16529846191	33.34642311660
153	37.78125	-120.59375	0.0110129504683	38.16579818726	0.42031804502
154	37.65625	-120.46875	0.0758106384586	38.22819900513	2.89810417370
154	37.65625	-120.53125	0.00410692928961	38.22869873047	0.15700256252
154	37.71875	-120.40625	0.0978706210121	38.19620132446	3.73828594393
154	37.71875	-120.46875	0.834850385897	38.19660186768	31.88844780920
154	37.71875	-120.53125	0.14293555602	38.19699859619	5.45970923265
154	37.78125	-120.40625	0.00767113887015	38.16450119019	0.29276518854
154	37.78125	-120.46875	0.290480666979	38.16490173340	11.08616611070
155	37.59375	-120.28125	0.181703520199	38.25880050659	6.95175873063
155	37.59375	-120.34375	0.836323790921	38.25910186768	31.99699711120
155	37.59375	-120.40625	0.511578451774	38.25949859619	19.57273505750
155	37.65625	-120.28125	0.024696779239	38.22719955444	0.94408870832
155	37.65625	-120.34375	0.640064046229	38.22750091553	24.46804891320
155	37.65625	-120.40625	0.234489276122	38.22779846191	8.96400878908
155	37.65625	-120.46875	0.000721548800044	38.22819900513	0.02758351112
156	37.53125	-120.34375	0.457768436592	38.29069900513	17.52827341960
156	37.53125	-120.40625	0.0238273497029	38.29100036621	0.91237305620
156	37.59375	-120.28125	0.013148487348	38.25880050659	0.50304535441
156	37.59375	-120.34375	0.162590572916	38.25910186768	6.22056929192
156	37.59375	-120.40625	0.0262374911492	38.25949859619	1.00383325579
157	37.46875	-120.28125	0.32893378586	38.32189941406	12.60536745560
157	37.46875	-120.34375	0.176448602806	38.32220077515	6.76189878324
157	37.53125	-120.28125	0.0240511018889	38.29040145874	0.92092634685
157	37.53125	-120.34375	0.00834895860055	38.29069900513	0.31968746078
158	37.40625	-120.28125	0.186752085223	38.35340118408	7.16257764653
158	37.46875	-120.15625	0.00150367416745	38.32149887085	0.05762304791
158	37.46875	-120.21875	0.631519362506	38.32170104980	24.20089621710
158	37.46875	-120.28125	0.636834650888	38.32189941406	24.40471343470
158	37.53125	-120.15625	0.499244167828	38.29000091553	19.11605964320
158	37.53125	-120.21875	0.96101078798	38.29019927979	36.79729458180
158	37.53125	-120.28125	0.0679150463113	38.29040145874	2.60049438835
158	37.59375	-120.15625	0.026845661298	38.25839996338	1.02707204722
158	37.59375	-120.21875	0.0312221782717	38.25859832764	1.19451677741
159	37.40625	-120.21875	0.682608212963	38.35319900513	26.18020863430
159	37.40625	-120.28125	0.25044924248	38.35340118408	9.60558027309
159	37.46875	-120.21875	0.153362201732	38.32170104980	5.87710044713
159	37.46875	-120.28125	0.00222531426557	38.32189941406	0.08527826945
159	37.34375	-120.21875	0.017667142593	38.38460159302	0.67814622972
159	37.34375	-120.28125	0.00953856834939	38.38479995728	0.36613603797
15	35.59375	-120.03125	0.618705746814	39.24530029297	24.28129282670
15	35.59375	-120.09375	0.165446701513	39.24539947510	6.49302189270
15	35.65625	-120.03125	0.173383262697	39.21519851685	6.79925906618
15	35.65625	-120.09375	0.0258821744825	39.21530151367	1.01497727616
160	37.40625	-119.96875	0.122868418308	38.35279846191	4.71234768469
160	37.40625	-120.03125	0.905008871404	38.35279846191	34.70962285120
160	37.40625	-120.09375	0.983743039397	38.35290145874	37.72939985070
160	37.40625	-120.15625	0.512526172092	38.35300064087	19.65691660670
160	37.40625	-120.21875	0.0048950174533	38.35319900513	0.18773957852
160	37.46875	-120.03125	0.0685824632102	38.32130050659	2.62816918216
160	37.46875	-120.09375	0.190075876265	38.32139968872	7.28397362555
160	37.21875	-120.15625	0.00719723085576	38.44710159302	0.27671266590
160	37.28125	-120.09375	0.313405155468	38.41569900513	12.03967811910
160	37.28125	-120.15625	0.742010087489	38.41579818726	28.50490977390
160	37.28125	-120.21875	0.0880812387199	38.41600036621	3.38372889892
160	37.34375	-120.03125	0.319643251995	38.38420104980	12.26925084880
160	37.34375	-120.09375	0.988760928207	38.38430023193	37.95289632590
160	37.34375	-120.15625	1.0000003971	38.38439941406	38.38441465640
160	37.34375	-120.21875	0.4830326745	38.38460159302	18.54101676710
161	37.15625	-120.09375	0.00142591471491	38.47829818726	0.05486677159
161	37.21875	-120.03125	0.167329654644	38.44699859619	6.43332299719
161	37.21875	-120.09375	0.541678191183	38.44699859619	20.82590065600
161	37.28125	-120.03125	0.513976388211	38.41559982300	19.74471124800
161	37.28125	-120.09375	0.0903116642575	38.41569900513	3.46938571077
162	37.15625	-119.96875	0.25279509652	38.47819900513	9.72710003141
162	37.15625	-120.03125	0.289643718785	38.47819900513	11.14496865200
163	37.09375	-119.96875	0.217746075306	38.50949859619	8.38529218134
163	37.15625	-119.90625	0.317730799837	38.47829818726	12.22574045940
163	37.15625	-119.96875	0.677157795076	38.47819900513	26.05581239680
163	37.21875	-119.90625	0.300849882684	38.44699859619	11.56677501720
163	37.21875	-119.96875	0.076772624356	38.44699859619	2.95167698084
164	37.09375	-119.78125	0.352495971279	38.50979995728	13.57454933970
164	37.09375	-119.84375	0.201279869948	38.50970077515	7.75122756376
164	36.96875	-119.84375	0.00497310013925	38.57199859619	0.19182241159
164	37.03125	-119.78125	0.325260562671	38.54100036621	12.53586746500
164	37.03125	-119.84375	0.781033133663	38.54090118408	30.10172082600
164	37.03125	-119.90625	0.0572585457673	38.54069900513	2.20678437789
165	36.96875	-119.71875	0.0272178728102	38.57239913940	1.04985865376
165	36.96875	-119.78125	0.214211640885	38.57220077515	8.26261442058
165	36.96875	-119.84375	0.00242789049358	38.57199859619	0.09364858871
165	37.03125	-119.71875	0.0418880446406	38.54130172729	1.61441976726
165	37.03125	-119.78125	0.618160464983	38.54100036621	23.82452270730
165	37.03125	-119.84375	6.40953616575e-05	38.54090118408	0.00247029300
166	36.90625	-119.65625	0.277063258444	38.60380172729	10.69569509490
166	36.90625	-119.71875	0.0451030204656	38.60350036621	1.74113446706
167	36.84375	-119.59375	0.0194068446165	38.63520050049	0.74978733284
167	36.90625	-119.53125	0.409986257596	38.60459899902	15.82735506960
167	36.90625	-119.59375	0.874435591658	38.60419845581	33.75688511720
167	36.90625	-119.65625	0.213417071809	38.60380172729	8.23871032532
167	36.96875	-119.53125	0.12774423049	38.57350158691	4.92754227753
167	36.96875	-119.59375	0.061233507357	38.57310104370	2.36196626654
168	37.09375	-119.40625	0.00841258834163	38.51210021973	0.32398644532
168	36.84375	-119.46875	0.0127569708469	38.63610076904	0.49287961115
168	36.84375	-119.53125	0.356256642006	38.63570022583	13.76422482400
168	36.84375	-119.59375	0.00809763912979	38.63520050049	0.31285391136
168	36.90625	-119.40625	0.100158924336	38.60559844971	3.86669521407
168	36.90625	-119.46875	0.701347552416	38.60509872437	27.07559150110
168	36.90625	-119.53125	0.590013662864	38.60459899902	22.77724085880
168	36.90625	-119.59375	0.000728174400569	38.60419845581	0.02811058907
168	36.96875	-119.34375	0.00234478693247	38.57509994507	0.09045039027
168	36.96875	-119.40625	0.644532560594	38.57450103760	24.86252192740
168	36.96875	-119.46875	0.716728982804	38.57400131226	27.64710472320
168	36.96875	-119.53125	0.157862528062	38.57350158691	6.08931047671
168	37.03125	-119.34375	0.043706803004	38.54389953613	1.68463062403
168	37.03125	-119.40625	0.623263209961	38.54330062866	24.02262127230
168	37.03125	-119.46875	0.0540589151991	38.54280090332	2.08358200557
169	36.78125	-119.46875	0.105051791212	38.66709899902	4.06204801080
169	36.78125	-119.53125	0.00424933207545	38.66669845581	0.16430764200
169	36.84375	-119.40625	0.00913249789822	38.63669967651	0.35284957859
169	36.84375	-119.46875	0.821318884851	38.63610076904	31.73255919860
169	36.84375	-119.53125	0.133408506546	38.63570022583	5.15433106648
169	36.90625	-119.40625	0.25810520907	38.60559844971	9.96430605913
169	36.90625	-119.46875	0.298666895428	38.60509872437	11.53006498370
16	35.71875	-120.15625	0.901895981016	39.18519973755	35.34097415860
16	35.71875	-120.21875	0.529045024477	39.18539810181	20.73083989790
16	35.78125	-120.15625	0.0161612690361	39.15499877930	0.63279446938
16	35.78125	-120.21875	0.0270352711413	39.15520095825	1.05857147450
16	35.59375	-120.09375	0.205666997546	39.24539947510	8.07148347754
16	35.59375	-120.15625	0.468371730688	39.24549865723	18.38148212780
16	35.59375	-120.21875	0.0636594844757	39.24570083618	2.49836108312
16	35.65625	-120.03125	0.0266850724637	39.21519851685	1.04646041410
16	35.65625	-120.09375	0.767462089264	39.21530151367	30.09625723080
16	35.65625	-120.15625	1.00000034417	39.21540069580	39.21541419260
16	35.65625	-120.21875	0.39293562262	39.21559906006	15.40920583310
16	35.71875	-120.03125	0.169431438691	39.18510055542	6.63918796237
16	35.71875	-120.09375	0.587433949096	39.18510055542	23.01865836500
170	36.71875	-119.34375	0.10419978506	38.69919967651	4.03244828828
170	36.78125	-119.28125	0.0197499529754	38.66889953613	0.76370894745
170	36.78125	-119.34375	0.617678305762	38.66830062866	23.88457041900
170	36.78125	-119.40625	0.127129286106	38.66770172119	4.91579731517
171	36.71875	-119.28125	0.190986941699	38.69990158081	7.39117584698
171	36.71875	-119.34375	0.450675004687	38.69919967651	17.44076199560
171	36.78125	-119.28125	0.0192977204177	38.66889953613	0.74622161211
171	36.78125	-119.34375	0.000477774261595	38.66830062866	0.01847471878
171	36.65625	-119.34375	0.00233408411737	38.73020172119	0.09039954870
172	36.71875	-119.28125	0.529210326154	38.69990158081	20.48038753770
172	36.71875	-119.34375	0.00464554108955	38.69919967651	0.17977872223
172	36.65625	-119.21875	0.0480200302668	38.73149871826	1.85988774073
172	36.65625	-119.28125	0.546713571026	38.73080062866	21.17465432040
172	36.65625	-119.34375	0.0165872607051	38.73020172119	0.64242795311
173	36.71875	-119.15625	0.240641563953	38.70140075684	9.31316560531
173	36.71875	-119.21875	0.41687436602	38.70059967041	16.13328795220
173	36.71875	-119.28125	0.0368343818191	38.69990158081	1.42548695119
173	36.59375	-119.21875	0.204672914001	38.76240158081	7.93361368523
173	36.59375	-119.28125	0.024793962108	38.76169967651	0.96105611302
173	36.65625	-119.15625	0.53363230913	38.73229980469	20.66880658270
173	36.65625	-119.21875	0.855783236551	38.73149871826	33.14576732960
173	36.65625	-119.28125	0.158592442125	38.73080062866	6.14241225717
174	36.53125	-119.15625	0.106633437556	38.79399871826	4.13673743988
174	36.53125	-119.21875	0.0542938583742	38.79330062866	2.10623797020
174	36.59375	-119.15625	0.249734078306	38.76319885254	9.68049173765
174	36.59375	-119.21875	0.521852131933	38.76240158081	20.22824190380
174	36.65625	-119.15625	0.044232608979	38.73229980469	1.71323067212
174	36.65625	-119.21875	0.0961978845464	38.73149871826	3.72588824201
175	36.71875	-119.15625	0.0054667591124	38.70140075684	0.21157123525
175	36.40625	-119.09375	0.000154920326944	38.85639953613	0.00601964612
175	36.46875	-119.03125	0.14964023312	38.82659912109	5.81002134372
175	36.46875	-119.09375	0.759460540383	38.82569885254	29.48658623130
175	36.46875	-119.15625	0.0750227578574	38.82479858398	2.91274346303
175	36.53125	-119.03125	0.120981585195	38.79579925537	4.69357729284
175	36.53125	-119.09375	0.962187244794	38.79489898682	37.32795696820
175	36.53125	-119.15625	0.6902078914	38.79399871826	26.77592405430
175	36.59375	-119.03125	0.219842114714	38.76490020752	8.52215763830
175	36.59375	-119.09375	0.960899549834	38.76399993896	37.24831009110
175	36.59375	-119.15625	0.750266016851	38.76319885254	29.08271080350
175	36.65625	-119.03125	0.522804430702	38.73400115967	20.25030742510
175	36.65625	-119.09375	0.882478563942	38.73320007324	34.18121877750
175	36.65625	-119.15625	0.416888351268	38.73229980469	16.14704460640
176	36.40625	-119.03125	0.0279177702502	38.85729980469	1.08480916849
176	36.40625	-119.09375	0.049681501455	38.85639953613	1.93044427009
176	36.46875	-119.03125	0.130822295819	38.82659912109	5.07938483588
176	36.46875	-119.09375	0.054694038772	38.82569885254	2.12353427839
177	36.40625	-118.96875	0.0325522296711	38.85829925537	1.26492428199
177	36.40625	-119.03125	0.0830360046372	38.85729980469	3.22655492677
177	36.28125	-118.96875	0.151027198623	38.91960144043	5.87791837707
177	36.28125	-119.03125	0.230392731487	38.91870117188	8.96658586893
177	36.34375	-118.96875	0.346375431275	38.88899993896	13.47019412570
177	36.34375	-119.03125	0.796840908556	38.88800048828	30.98754964100
178	36.21875	-118.84375	0.151343054719	38.95240020752	5.89517523603
178	36.21875	-118.90625	0.544749810761	38.95130157471	21.21871416170
178	36.21875	-118.96875	0.234407768961	38.95029830933	9.13025252707
178	36.21875	-119.03125	0.0648865578739	38.94929885864	2.52728593454
178	36.28125	-118.84375	0.399181921613	38.92179870605	15.53687840010
178	36.28125	-118.90625	0.99999934396	38.92070007324	38.92067453970
178	36.28125	-118.96875	0.848973957395	38.91960144043	33.04172805510
178	36.28125	-119.03125	0.743966129233	38.91870117188	28.95419546560
178	36.28125	-119.09375	0.0417009494923	38.91780090332	1.62290924982
178	36.34375	-118.84375	0.116481178728	38.89110183716	4.53008138402
178	36.34375	-118.90625	0.195982195444	38.88999938965	7.62174746120
178	36.34375	-118.96875	0.0345334644716	38.88899993896	1.34297189773
178	36.34375	-119.03125	0.0277361409213	38.88800048828	1.07860306169
179	36.15625	-118.90625	0.0772572643021	38.98189926147	3.01163489424
179	36.15625	-118.96875	0.163349181439	38.98080062866	6.36748187452
179	36.21875	-118.84375	0.0928594628328	38.95240020752	3.61709895932
179	36.21875	-118.90625	0.449903751981	38.95130157471	17.52433672300
179	36.21875	-118.96875	0.764478290336	38.95029830933	29.77665745960
179	36.21875	-119.03125	0.376684348816	38.94929885864	14.67159127740
17	35.71875	-119.96875	0.00782565100493	39.18510055542	0.30664892154
17	35.71875	-120.03125	0.269744021758	39.18510055542	10.56994661680
180	36.09375	-118.90625	0.0169881032388	39.01240158081	0.66274670565
180	36.09375	-118.96875	0.0109024574054	39.01129913330	0.42531902713
180	36.15625	-118.90625	0.297904787173	38.98189926147	11.61289440310
180	36.15625	-118.96875	0.210280034093	38.98080062866	8.19688408515
181	35.84375	-118.59375	0.281997352103	39.14009857178	11.03740415830
181	35.84375	-118.65625	0.25681843373	39.13880157471	10.05156571850
181	35.84375	-118.71875	0.089507028311	39.13750076294	3.50308138881
181	35.84375	-118.78125	0.0150383769851	39.13629913330	0.58854642017
181	35.90625	-118.59375	0.693348318935	39.10979843140	27.11671299630
181	35.90625	-118.65625	1.00000095294	39.10839843750	39.10843570550
181	35.90625	-118.71875	0.990165716114	39.10710144043	38.72251110290
181	35.90625	-118.78125	0.822291598764	39.10589981079	32.15645287650
181	35.90625	-118.84375	0.278157644144	39.10480117798	10.87729937040
181	35.90625	-118.90625	0.000318168984621	39.10369873047	0.01244158412
181	35.96875	-118.59375	0.0397040226449	39.07939910889	1.55160934717
181	35.96875	-118.65625	0.496121263163	39.07799911499	19.38742628280
181	35.96875	-118.71875	0.509388195414	39.07680130005	19.90526129680
181	35.96875	-118.78125	0.558270012704	39.07550048828	21.81468015400
181	35.96875	-118.84375	0.806874569996	39.07440185547	31.52814119500
181	35.96875	-118.90625	0.855207069644	39.07329940796	33.41576188800
181	35.96875	-118.96875	0.136063567512	39.07220077515	5.31630302800
181	36.03125	-118.84375	0.0162200749854	39.04389953613	0.63329497820
181	36.03125	-118.90625	0.445417227585	39.04280090332	17.39033613550
181	36.03125	-118.96875	0.0541432734643	39.04180145264	2.11385093259
182	35.84375	-118.84375	0.119839794049	39.13510131836	4.68994248206
182	35.84375	-118.90625	0.0734609760014	39.13399887085	2.87482175189
182	35.90625	-118.78125	0.0021881978168	39.10589981079	0.08557144459
182	35.90625	-118.84375	0.618457833102	39.10480117798	24.18467060040
182	35.90625	-118.90625	0.949578340697	39.10369873047	37.13202535560
182	35.90625	-118.96875	0.12909209449	39.10260009766	5.04783654660
182	35.96875	-118.90625	0.144792268418	39.07329940796	5.65751165586
182	35.96875	-118.96875	0.0281524364299	39.07220077515	1.09997764850
183	35.78125	-118.71875	0.215290945971	39.16780090332	8.43247290808
183	35.78125	-118.78125	0.735975521579	39.16650009155	28.82558533330
183	35.78125	-118.84375	0.814270143024	39.16540145874	31.89121704740
183	35.78125	-118.90625	0.520371158007	39.16429901123	20.37997162900
183	35.78125	-118.96875	0.0258500446676	39.16320037842	1.01237047911
183	35.84375	-118.59375	0.285248277784	39.14009857178	11.16464570990
183	35.84375	-118.65625	0.485323710217	39.13880157471	18.99498839370
183	35.84375	-118.71875	0.892216196719	39.13750076294	34.91911207980
183	35.84375	-118.78125	0.984960595605	39.13629913330	38.54771250410
183	35.84375	-118.84375	0.880159938304	39.13510131836	34.44514836190
183	35.84375	-118.90625	0.926538652862	39.13399887085	36.25916259490
183	35.84375	-118.96875	0.150246492025	39.13290023804	5.87958098354
183	35.90625	-118.71875	0.00983546470034	39.10710144043	0.38463651575
183	35.90625	-118.78125	0.175520748612	39.10589981079	6.86389680995
183	35.90625	-118.84375	0.103383364945	39.10480117798	4.04278593130
183	35.90625	-118.90625	0.0501158508873	39.10369873047	1.95971513472
183	35.90625	-118.96875	0.0149416322751	39.10260009766	0.58425667166
184	35.78125	-118.90625	0.268460212912	39.16429901123	10.51405605110
184	35.78125	-118.96875	0.0940322332697	39.16320037842	3.68260319357
185	35.78125	-118.78125	0.149093680571	39.16650009155	5.83947765372
185	35.78125	-118.84375	0.18572926853	39.16540145874	7.27416136461
185	35.78125	-118.90625	0.211105294683	39.16429901123	8.26779088382
185	35.78125	-118.96875	0.0187071185251	39.16320037842	0.73263063130
185	35.65625	-118.78125	0.383846583219	39.22700119019	15.05715037680
185	35.65625	-118.84375	0.640838347993	39.22579956055	25.13739658910
185	35.65625	-118.90625	0.542216608432	39.22470092773	21.26828430380
185	35.65625	-118.96875	0.00344828481757	39.22359848022	0.13525413913
185	35.71875	-118.78125	0.814067787465	39.19680023193	31.90885244050
185	35.71875	-118.84375	1.00000053813	39.19559860229	39.19561969470
185	35.71875	-118.90625	1.00000019168	39.19449996948	39.19450748210
185	35.71875	-118.96875	0.116895696306	39.19350051880	4.58155153383
186	35.59375	-118.78125	0.122917452694	39.25709915161	4.82538262789
186	35.59375	-118.84375	0.218868483429	39.25600051880	8.59190129902
186	35.59375	-118.90625	0.208725812021	39.25479888916	8.19348977387
186	35.59375	-118.96875	0.00429564220641	39.25379943848	0.16862027763
186	35.65625	-118.78125	0.228652879667	39.22700119019	8.96936678283
186	35.65625	-118.84375	0.359161994081	39.22579956055	14.08841638960
186	35.65625	-118.90625	0.457304053223	39.22470092773	17.93761472070
186	35.65625	-118.96875	0.0946077542949	39.22359848022	3.71085656758
186	35.71875	-118.96875	0.00193530269039	39.19350051880	0.07585128700
187	35.59375	-118.90625	0.243461777772	39.25479888916	9.55704312363
187	35.59375	-118.96875	0.0761484968981	39.25379943848	2.98911782478
188	35.53125	-118.90625	0.0987266592999	39.28490066528	3.87846700361
188	35.53125	-118.96875	0.0160734435585	39.28390121460	0.63142756893
188	35.59375	-118.90625	0.0304036912822	39.25479888916	1.19349078677
188	35.59375	-118.96875	0.0041995255478	39.25379943848	0.16484733359
189	35.78125	-118.53125	0.0170925516001	39.17179870605	0.66954599065
189	35.78125	-118.59375	0.820653143324	39.17039871216	32.14531082840
189	35.78125	-118.65625	0.999999327743	39.16910171509	39.16907538340
189	35.78125	-118.71875	0.784708546685	39.16780090332	30.73530812370
189	35.78125	-118.78125	0.114932049754	39.16650009155	4.50148613723
189	35.84375	-118.59375	0.221060015109	39.14009857178	8.65231078164
189	35.84375	-118.65625	0.257857294798	39.13880157471	10.09222549570
189	35.84375	-118.71875	0.0182764642707	39.13750076294	0.71529513434
189	35.46875	-118.71875	0.00119619483651	39.31850051880	0.04703258730
189	35.46875	-118.78125	0.254040878495	39.31729888916	9.98820114985
189	35.46875	-118.84375	0.110113033769	39.31610107422	4.32921516526
189	35.46875	-118.90625	0.164635394894	39.31499862671	6.47264032415
189	35.46875	-118.96875	0.00350936891866	39.31389999390	0.13796697871
189	35.53125	-118.65625	0.00894480846635	39.28979873657	0.35143972438
189	35.53125	-118.71875	0.673028360181	39.28850173950	26.44227589970
189	35.53125	-118.78125	1.00000099851	39.28720092773	39.28724015650
189	35.53125	-118.84375	0.999998985905	39.28609848022	39.28605864040
189	35.53125	-118.90625	0.901274326533	39.28490066528	35.40647239000
189	35.53125	-118.96875	0.0286268215816	39.28390121460	1.12457323110
189	35.59375	-118.59375	0.0137580060571	39.26100158691	0.54015309764
189	35.59375	-118.65625	0.710171836991	39.25970077515	27.88113381920
189	35.59375	-118.71875	0.999999466489	39.25839996338	39.25837901860
189	35.59375	-118.78125	0.877083542768	39.25709915161	34.43175560270
189	35.59375	-118.84375	0.781130460425	39.25600051880	30.66405775970
189	35.59375	-118.90625	0.51740982144	39.25479888916	20.31081848390
189	35.65625	-118.59375	0.536499305859	39.23089981079	21.04735051670
189	35.65625	-118.65625	1.00000070306	39.22949981689	39.22952739770
189	35.65625	-118.71875	1.00000072537	39.22819900513	39.22822746020
189	35.65625	-118.78125	0.387500214607	39.22700119019	15.20047137960
189	35.71875	-118.53125	0.0476484058062	39.20209884644	1.86791751429
189	35.71875	-118.59375	0.971471970409	39.20069885254	38.08238015570
189	35.71875	-118.65625	1.00000064902	39.19929885864	39.19932429980
189	35.71875	-118.71875	1.00000067013	39.19800186157	39.19802812930
189	35.71875	-118.78125	0.185932019969	39.19680023193	7.28794024346
18	35.71875	-120.15625	0.0441320206716	39.18519973755	1.72932204484
18	35.78125	-120.03125	0.00647644492328	39.15480041504	0.25358390837
18	35.78125	-120.09375	0.349894525729	39.15489959717	13.70008502450
18	35.78125	-120.15625	0.134504468648	39.15499877930	5.26652230573
18	35.71875	-120.03125	0.151438221397	39.18510055542	5.93412193339
18	35.71875	-120.09375	0.411478662508	39.18510055542	16.12383276680
190	35.40625	-118.78125	0.0180511986667	39.34730148315	0.71026595607
190	35.40625	-118.84375	0.259320802379	39.34609985352	10.20326218450
190	35.40625	-118.90625	0.07198467602	39.34500122070	2.83223716588
190	35.34375	-118.78125	0.0104076174024	39.37730026245	0.40982387547
190	35.34375	-118.84375	0.218183068639	39.37609863281	8.59119803075
191	35.40625	-118.71875	0.0317329839897	39.34859848022	1.24864844559
191	35.40625	-118.78125	0.00226600966392	39.34730148315	0.08916136541
191	35.46875	-118.34375	0.0250049293926	39.32730102539	0.98337638534
191	35.46875	-118.40625	0.560972145032	39.32569885254	22.06062164020
191	35.46875	-118.46875	0.623721610104	39.32419967651	24.52735313830
191	35.46875	-118.53125	0.406873041006	39.32270050049	15.99934673320
191	35.46875	-118.59375	0.144491634265	39.32120132446	5.68158464065
191	35.09375	-118.40625	0.187535545961	39.50519943237	7.40862914385
191	35.09375	-118.46875	0.900318221804	39.50360107422	35.56581187400
191	35.09375	-118.53125	0.0564404779616	39.50210189819	2.22951751162
191	35.15625	-118.40625	0.312132892377	39.47539901733	12.32157047300
191	35.15625	-118.46875	0.999712901687	39.47380065918	39.46246779760
191	35.15625	-118.53125	0.844036607494	39.47230148315	33.31606743380
191	35.15625	-118.59375	0.185357672549	39.47079849243	7.31621534222
191	35.21875	-118.21875	0.0792106931858	39.45059967041	3.12490934649
191	35.21875	-118.28125	0.462579861006	39.44889831543	18.24826589960
191	35.21875	-118.34375	0.537048044183	39.44720077515	21.18504202480
191	35.21875	-118.40625	0.702596175513	39.44549942017	27.71425703380
191	35.21875	-118.46875	0.99399323481	39.44400024414	39.20706939650
191	35.21875	-118.53125	0.999998812182	39.44250106812	39.44245421760
191	35.21875	-118.59375	0.94570665126	39.44100189209	37.29961782170
191	35.21875	-118.65625	0.20703110808	39.43960189819	8.16522448323
191	35.28125	-118.21875	0.0434609336462	39.42070007324	1.71326043017
191	35.28125	-118.28125	0.841348218326	39.41899871826	33.16510433980
191	35.28125	-118.34375	0.99999958692	39.41730117798	39.41728489550
191	35.28125	-118.40625	0.999998827421	39.41569900513	39.41565278710
191	35.28125	-118.46875	0.999999534284	39.41410064697	39.41408229120
191	35.28125	-118.53125	0.99999934604	39.41260147095	39.41257569670
191	35.28125	-118.59375	0.946500812255	39.41109848022	37.30263672340
191	35.28125	-118.65625	0.23180194083	39.40980148315	9.13526847150
191	35.28125	-118.71875	0.0922609796462	39.40840148926	3.63585772769
191	35.28125	-118.78125	0.22711263535	39.40719985962	8.94987301188
191	35.34375	-118.28125	0.466434390783	39.38899993896	18.37238419010
191	35.34375	-118.34375	1.0000012589	39.38729858398	39.38734816860
191	35.34375	-118.40625	1.00000049402	39.38570022583	39.38571968320
191	35.34375	-118.46875	0.999998802995	39.38420104980	39.38415390670
191	35.34375	-118.53125	0.999998698632	39.38270187378	39.38265062240
191	35.34375	-118.59375	1.00000026574	39.38119888306	39.38120934830
191	35.34375	-118.65625	1.00000082705	39.37979888916	39.37983145810
191	35.34375	-118.71875	0.960161212293	39.37850189209	37.80971011500
191	35.34375	-118.78125	0.922857679975	39.37730026245	36.33964396390
191	35.34375	-118.84375	0.172046208093	39.37609863281	6.77450845928
191	35.40625	-118.28125	0.0889246270628	39.35910034180	3.49999331942
191	35.40625	-118.34375	0.721667827488	39.35739898682	28.40296862240
191	35.40625	-118.40625	1.00000095829	39.35570144653	39.35573916080
191	35.40625	-118.46875	0.999999461709	39.35419845581	39.35417727180
191	35.40625	-118.53125	0.999999437983	39.35269927979	39.35267716290
191	35.40625	-118.59375	0.702720759847	39.35120010376	27.65290523780
191	35.40625	-118.65625	0.23848294589	39.34989929199	9.38427990363
191	35.03125	-118.46875	0.133259529478	39.53329849243	5.26818875580
192	35.28125	-118.65625	0.0274626313861	39.40980148315	1.08229685113
192	35.28125	-118.71875	0.704301425841	39.40840148926	27.75539335900
192	35.28125	-118.78125	0.0371445677753	39.40719985962	1.46376340602
192	35.34375	-118.71875	0.0122466169336	39.37850189209	0.48225342809
193	35.21875	-118.65625	0.481386621754	39.43960189819	18.98569672110
193	35.21875	-118.71875	0.480125781207	39.43830108643	18.93534511860
193	35.28125	-118.59375	0.0535000482361	39.41109848022	2.10849566973
193	35.28125	-118.65625	0.740734139488	39.40980148315	29.19218538900
193	35.28125	-118.71875	0.127014898877	39.40840148926	5.00545413005
194	35.15625	-118.59375	0.414310550501	39.47079849243	16.35316825210
194	35.15625	-118.65625	0.737165197541	39.46939849854	29.09546694100
194	35.15625	-118.71875	0.606390541618	39.46810150146	23.93308344610
194	35.15625	-118.78125	0.211094892493	39.46689987183	8.33126098549
194	35.21875	-118.59375	0.0542934864484	39.44100189209	2.14138950174
194	35.21875	-118.65625	0.311582803116	39.43960189819	12.28870171320
194	35.21875	-118.71875	0.119361803129	39.43830108643	4.70742673001
195	35.09375	-118.71875	0.0851409582353	39.49789810181	3.36288889267
195	35.09375	-118.78125	0.0962344829351	39.49660110474	3.80093498501
195	35.15625	-118.71875	0.244816050685	39.46810150146	9.66242473763
195	35.15625	-118.78125	0.492453066846	39.46689987183	19.43559588080
195	35.15625	-118.84375	0.0319489712487	39.46569824219	1.26088845845
196	35.09375	-118.65625	0.353632126385	39.49919891357	13.96818570230
196	35.09375	-118.71875	0.624104822861	39.49789810181	24.65082869820
196	35.09375	-118.78125	0.29920250303	39.49660110474	11.81748191170
196	35.15625	-118.65625	0.189690584387	39.46939849854	7.48697326661
196	35.15625	-118.71875	0.148782606217	39.46810150146	5.87216700382
197	35.09375	-118.46875	0.0683212348487	39.50360107422	2.69893480636
197	35.09375	-118.53125	0.943558695802	39.50210189819	37.27255174850
197	35.09375	-118.59375	1.00000041805	39.50059890747	39.50061542070
197	35.09375	-118.65625	0.646368507001	39.49919891357	25.53103822950
197	35.09375	-118.71875	0.141446623168	39.49789810181	5.58684430875
197	35.15625	-118.53125	0.155962999241	39.47230148315	6.15621852627
197	35.15625	-118.59375	0.400332703615	39.47079849243	15.80145147430
197	35.15625	-118.65625	0.0731454457776	39.46939849854	2.88700674775
197	34.96875	-118.46875	6.929304752e-05	39.56299972534	0.00274144082
197	34.96875	-118.53125	0.106234486284	39.56150054932	4.20279568749
197	34.96875	-118.59375	0.221247889844	39.56000137329	8.75256682607
197	34.96875	-118.65625	0.0087889562064	39.55860137939	0.34767881511
197	35.03125	-118.46875	0.21555442228	39.53329849243	8.52157731735
197	35.03125	-118.53125	1.00000014458	39.53179931641	39.53180503190
197	35.03125	-118.59375	1.00000122529	39.53030014038	39.53034857650
197	35.03125	-118.65625	0.756098129913	39.52899932861	29.88780246970
197	35.03125	-118.71875	0.0981408088574	39.52759933472	3.87927057090
198	34.90625	-118.59375	0.0110404983021	39.58969879150	0.43709000229
198	34.90625	-118.65625	0.200793879802	39.58829879761	7.94908811033
198	34.90625	-118.71875	0.253492796328	39.58689880371	10.03499367570
198	34.90625	-118.78125	0.0321844847512	39.58570098877	1.27404538984
198	34.96875	-118.59375	0.299477077645	39.56000137329	11.84731360290
198	34.96875	-118.65625	0.99121194421	39.55860137939	39.21095818350
198	34.96875	-118.71875	1.00000007736	39.55730056763	39.55730362780
198	34.96875	-118.78125	0.459907084108	39.55599975586	18.19208450670
198	35.03125	-118.65625	0.242614749116	39.52899932861	9.59031825490
198	35.03125	-118.71875	0.428021964968	39.52759933472	16.91868073770
198	35.03125	-118.78125	0.00812617778548	39.52640151978	0.32119856597
199	34.84375	-118.71875	4.0733848149e-05	39.61650085449	0.00161373253
199	34.84375	-118.78125	0.282960170988	39.61520004272	11.20952377780
199	34.84375	-118.84375	0.0635801470767	39.61399841309	2.51866384540
199	34.90625	-118.65625	0.161979885384	39.58829879761	6.41250810179
199	34.90625	-118.71875	0.486770181348	39.58689880371	19.26972190970
199	34.90625	-118.78125	0.967814546583	39.58570098877	38.31161725360
199	34.90625	-118.84375	0.939964722389	39.58449935913	37.20803295100
199	34.90625	-118.90625	0.323983068226	39.58330154419	12.82431948480
199	34.96875	-118.78125	0.355562277366	39.55599975586	14.06462135670
199	34.96875	-118.84375	0.303915286379	39.55479812622	12.02130780020
199	34.96875	-118.90625	0.00885693491928	39.55369949341	0.35032454223
19	35.71875	-120.15625	0.0539731555681	39.18519973755	2.11494888140
19	35.78125	-120.09375	0.0259520426162	39.15489959717	1.01614962298
19	35.78125	-120.15625	0.713298250766	39.15499877930	27.92919213800
19	35.78125	-120.21875	0.243117224378	39.15520095825	9.51930377694
19	35.84375	-120.21875	0.00108452165776	39.12500000000	0.04243190986
1	34.78125	-118.96875	0.21851185124	39.64130020142	8.66209389256
1	34.78125	-119.03125	0.4376471539	39.64030075073	17.34846480330
1	34.78125	-119.09375	0.104932530391	39.63930130005	4.15945218833
1	34.78125	-119.15625	0.00167602599321	39.63850021362	0.06643515669
1	34.84375	-118.96875	0.0475769662297	39.61180114746	1.88460932549
1	34.84375	-119.03125	0.511189752886	39.61080169678	20.24863593100
1	34.84375	-119.09375	0.741163971441	39.60979843140	29.35735551340
1	34.84375	-119.15625	0.968094966875	39.60889816284	38.34517495490
1	34.84375	-119.21875	0.194700197197	39.60810089111	7.71170505410
1	34.90625	-119.09375	0.0270219965403	39.58029937744	1.06953871284
1	34.90625	-119.15625	0.871777125935	39.57939910889	34.50441480140
1	34.90625	-119.21875	0.474063091758	39.57849884033	18.76270552740
1	34.96875	-119.15625	0.232488082564	39.54970169067	9.19483431205
1	34.96875	-119.21875	0.15032287768	39.54890060425	5.94510454791
200	34.78125	-118.84375	0.140906333653	39.64360046387	5.58603439417
200	34.78125	-118.90625	0.321407966942	39.64239883423	12.74138281400
200	34.78125	-118.96875	0.236084522392	39.64130020142	9.35869742506
200	34.84375	-118.78125	0.20495993876	39.61520004272	8.11952897472
200	34.84375	-118.84375	0.926122938102	39.61399841309	36.68743260030
200	34.84375	-118.90625	0.999999604708	39.61289978027	39.61288412160
200	34.84375	-118.96875	0.833828461292	39.61180114746	33.02944719980
200	34.90625	-118.84375	0.0600341027873	39.58449935913	2.37641990331
200	34.90625	-118.90625	0.550480690778	39.58330154419	21.78984317730
200	34.90625	-118.96875	0.6445870441	39.58219909668	25.51417271470
200	34.96875	-118.96875	0.000978250650984	39.55260086060	0.03869235754
201	34.84375	-118.96875	0.118531216115	39.61180114746	4.69523496250
201	34.84375	-119.03125	0.484702034081	39.61080169678	19.19943615400
201	34.84375	-119.09375	0.0192176226046	39.60979843140	0.76120615770
201	34.90625	-118.96875	0.21334281399	39.58219909668	8.44457773918
201	34.90625	-119.03125	0.844580978454	39.58119964600	33.42952832540
201	34.96875	-118.96875	0.0107889907987	39.55260086060	0.42673264675
201	34.96875	-119.03125	0.100726590435	39.55160140991	3.98389795626
202	34.96875	-119.03125	0.108146177656	39.55160140991	4.27735451265
202	34.96875	-119.09375	0.0332460568077	39.55059814453	1.31490143269
203	34.84375	-119.03125	0.00410763682734	39.61080169678	0.16270678781
203	34.84375	-119.09375	0.185920770485	39.60979843140	7.36428424311
203	34.90625	-119.03125	0.155400977492	39.58119964600	6.15095711531
203	34.90625	-119.09375	0.972939173705	39.58029937744	38.50922377130
203	34.90625	-119.15625	0.128221938725	39.57939910889	5.07494728732
203	34.96875	-119.03125	0.0543113200724	39.55160140991	2.14809968355
203	34.96875	-119.09375	0.597883912483	39.55059814453	23.64666635970
203	34.96875	-119.15625	0.15414497053	39.54970169067	6.09638760159
204	39.21875	-121.78125	0.0499402276679	37.44319915771	1.86992189055
204	39.21875	-121.84375	0.174157984466	37.44480133057	6.52131112845
204	39.28125	-121.78125	0.0556597543196	37.41040039062	2.08225369474
204	39.28125	-121.84375	0.497167188369	37.41189956665	18.59996891910
204	39.28125	-121.90625	0.000195646358124	37.41350173950	0.00731981536
205	39.21875	-121.84375	0.413076823024	37.44480133057	15.46757957240
205	39.21875	-121.90625	0.160171738654	37.44639968872	5.99785494449
205	39.28125	-121.84375	0.0216644240052	37.41189956665	0.81050725505
205	39.28125	-121.90625	0.0141442809071	37.41350173950	0.52918707832
206	39.15625	-121.84375	0.138345280861	37.47760009766	5.18484911150
206	39.15625	-121.90625	0.0294642199812	37.47919845581	1.10429534802
206	39.21875	-121.84375	0.334649762873	37.44480133057	12.53089388610
206	39.21875	-121.90625	0.158973395118	37.44639968872	5.95298129346
207	39.15625	-121.78125	0.313098892586	37.47600173950	11.73369464320
207	39.15625	-121.84375	0.273332159226	37.47760009766	10.24383335730
207	39.21875	-121.78125	0.246224413878	37.44319915771	9.21942976632
207	39.21875	-121.84375	0.078114602821	37.44480133057	2.92498578365
208	39.15625	-121.71875	0.0439085418749	37.47449874878	1.64545059755
208	39.15625	-121.78125	0.0143078656821	37.47600173950	0.53620159919
208	39.21875	-121.71875	0.203750293356	37.44169998169	7.62875735503
208	39.21875	-121.78125	0.311154161965	37.44319915771	11.65060725520
209	39.21875	-121.71875	0.318325407485	37.44169998169	11.91864440360
209	39.21875	-121.78125	0.136947451459	37.44319915771	5.12775069912
20	35.78125	-120.03125	0.10445908705	39.15480041504	4.09007470499
20	35.78125	-120.09375	0.0962382996953	39.15489959717	3.76820096197
20	35.78125	-120.15625	0.133131547855	39.15499877930	5.21276559375
20	35.78125	-120.21875	0.0184279628177	39.15520095825	0.72155058738
20	35.84375	-120.03125	0.186172030478	39.12459945679	7.28390612249
20	35.84375	-120.09375	0.883903210702	39.12459945679	34.58235907730
20	35.84375	-120.15625	0.999999073868	39.12480163574	39.12476540100
20	35.84375	-120.21875	0.872890068332	39.12500000000	34.15182392350
20	35.84375	-120.28125	0.0215262032422	39.12519836426	0.84221697188
20	35.90625	-120.09375	0.19876777134	39.09429931641	7.77068674722
20	35.90625	-120.15625	0.657840923695	39.09450149536	25.71796297510
20	35.90625	-120.21875	0.931284005601	39.09460067749	36.40817631630
20	35.90625	-120.28125	0.55483157934	39.09489822388	21.69108412570
20	35.90625	-120.34375	0.144417870327	39.09519958496	5.64604546408
20	35.96875	-120.21875	0.0341571190305	39.06430053711	1.33432396329
20	35.96875	-120.28125	0.133404624528	39.06449890137	5.21138480832
20	35.96875	-120.34375	0.0201129850595	39.06480026245	0.78570974403
210	39.21875	-121.71875	0.00763730900226	37.44169998169	0.28595383233
210	39.21875	-121.78125	0.255734099871	37.44319915771	9.57550283290
210	39.28125	-121.71875	0.0063511668952	37.40890121460	0.23759017498
210	39.28125	-121.78125	0.227451460661	37.41040039062	8.50905021277
21	35.78125	-119.90625	0.533491432802	39.15489959717	20.88880348730
21	35.78125	-119.96875	0.836737990433	39.15480041504	32.76230901510
21	35.78125	-120.03125	0.123468420491	39.15480041504	4.83438136190
21	35.84375	-119.90625	0.000187457346064	39.12459945679	0.00733419358
21	35.84375	-119.96875	0.772714566491	39.12459945679	30.23214790840
21	35.84375	-120.03125	0.802176217422	39.12459945679	31.38482320040
21	35.84375	-120.09375	0.10413304648	39.12459945679	4.07416373373
21	35.90625	-119.96875	0.245450002055	39.09429931641	9.59569584757
21	35.90625	-120.03125	0.999999277403	39.09429931641	39.09427106700
21	35.90625	-120.09375	0.801224295729	39.09429931641	31.32330243680
21	35.90625	-120.15625	0.342160105354	39.09450149536	13.37657875040
21	35.90625	-120.21875	0.0532586679144	39.09460067749	2.08212635473
21	35.96875	-119.96875	0.00421322858843	39.06389999390	0.16458514023
21	35.96875	-120.03125	0.72254468294	39.06389999390	28.22541323550
21	35.96875	-120.09375	0.999999396444	39.06399917603	39.06397559870
21	35.96875	-120.15625	0.969017445867	39.06409835815	37.85379281610
21	35.96875	-120.21875	0.116994510015	39.06430053711	4.57030870040
21	36.03125	-120.03125	0.0190746413031	39.03350067139	0.74455002411
21	36.03125	-120.09375	0.425037207805	39.03359985352	16.59073229230
21	36.03125	-120.15625	0.320135162371	39.03369903564	12.49605957870
21	35.71875	-119.90625	0.100916848524	39.18510055542	3.95443685714
21	35.71875	-119.96875	0.0192525510515	39.18510055542	0.75441314890
22	35.78125	-119.84375	0.00415585295143	39.15499877930	0.16272241724
22	35.78125	-119.90625	0.317834550052	39.15489959717	12.44477989580
23	35.78125	-119.90625	0.0155233931698	39.15489959717	0.60781690097
23	35.78125	-119.96875	0.00116531861934	39.15480041504	0.04562781796
23	35.84375	-119.90625	0.643367467657	39.12459945679	25.17149447560
23	35.84375	-119.96875	0.163756360133	39.12459945679	6.40690199872
24	35.84375	-119.90625	0.0315618991002	39.12459945679	1.23484666039
24	35.84375	-119.96875	0.0636004373971	39.12459945679	2.48834163844
24	35.90625	-119.90625	0.285858568211	39.09429931641	11.17544042780
24	35.90625	-119.96875	0.754559148334	39.09429931641	29.49896119690
24	35.96875	-119.90625	0.000452543860662	39.06399917603	0.01767817300
24	35.96875	-119.96875	0.107030648047	39.06389999390	4.18103453159
24	35.96875	-120.03125	0.000123147673959	39.06389999390	0.00481062842
25	35.96875	-119.96875	0.546800630156	39.06389999390	21.36016513300
25	35.96875	-120.03125	0.150650159764	39.06389999390	5.88498277507
26	35.96875	-119.96875	0.00533376066272	39.06389999390	0.20835749312
26	35.96875	-120.03125	0.126688937123	39.06389999390	4.94896397011
26	36.03125	-119.96875	0.000530468417484	39.03350067139	0.02070603933
26	36.03125	-120.03125	0.258589975375	39.03350067139	10.09367197740
26	36.03125	-120.09375	0.00776886637072	39.03359985352	0.30324682123
27	36.09375	-120.09375	0.000161435370067	39.00310134888	0.00629648010
27	36.09375	-120.15625	0.000853248808737	39.00320053101	0.03327943439
27	36.03125	-120.03125	0.00907769838025	39.03350067139	0.35433434582
27	36.03125	-120.09375	0.346305230674	39.03359985352	13.51753980130
27	36.03125	-120.15625	0.0187129652914	39.03369903564	0.73043625525
28	36.09375	-120.15625	0.0999992562654	39.00320053101	3.90029104507
28	36.03125	-120.15625	0.0818804846108	39.03369903564	3.19609819319
29	36.09375	-120.15625	0.0745983467589	39.00320053101	2.90957427792
29	36.09375	-120.21875	0.00805648576151	39.00339889526	0.31423032785
29	36.09375	-120.28125	0.0404678857692	39.00370025635	1.57839728655
29	35.90625	-120.34375	7.00235611805e-06	39.09519958496	0.00027375851
29	35.96875	-120.15625	0.0309857145828	39.06409835815	1.21042900216
29	35.96875	-120.21875	0.849178784947	39.06430053711	33.17257526490
29	35.96875	-120.28125	0.866605245519	39.06449890137	33.85349966150
29	35.96875	-120.34375	0.813565182596	39.06480026245	31.78176135860
29	35.96875	-120.40625	0.160722473479	39.06520080566	6.27865570044
29	36.03125	-120.15625	0.579279500568	39.03369903564	22.61142168270
29	36.03125	-120.21875	0.869435277607	39.03390121460	33.93745073860
29	36.03125	-120.28125	0.991021538195	39.03409957886	38.68363340670
29	36.03125	-120.34375	0.305662022752	39.03440093994	11.93133394820
29	36.03125	-120.40625	0.00200562112283	39.03480148315	0.07828902238
2	34.84375	-119.21875	0.075412187655	39.60810089111	2.98693353706
2	34.84375	-119.28125	0.0595290367212	39.60729980469	2.35778440450
2	34.84375	-119.34375	0.0368902552928	39.60660171509	1.46109764855
2	34.90625	-119.21875	0.525937819463	39.57849884033	20.81582937770
2	34.90625	-119.28125	0.999223791223	39.57780075073	39.54708011440
2	34.90625	-119.34375	0.583781820571	39.57709884644	23.10439081750
2	34.96875	-119.21875	0.216089680051	39.54890060425	8.54610927795
2	34.96875	-119.28125	0.538166728231	39.54819869995	21.28352470180
2	34.96875	-119.34375	0.0426345547351	39.54750061035	1.68609007941
30	36.09375	-120.28125	0.314950882274	39.00370025635	12.28424980770
30	36.09375	-120.34375	0.56592619983	39.00400161743	22.07338641350
30	36.09375	-120.40625	0.199276744273	39.00429916382	7.77264975000
30	36.09375	-120.46875	0.0355501216879	39.00479888916	1.38662534692
30	36.09375	-120.53125	0.000901393843171	39.00519943237	0.03515904662
30	35.96875	-120.40625	0.294301029294	39.06520080566	11.49692880670
30	35.96875	-120.46875	0.0897604783703	39.06560134888	3.50654706490
30	36.03125	-120.28125	0.00897735654494	39.03409957886	0.35042302933
30	36.03125	-120.34375	0.694287475068	39.03440093994	27.10109566940
30	36.03125	-120.40625	0.997986497775	39.03480148315	38.95620482350
30	36.03125	-120.46875	0.807562306487	39.03519821167	31.52335470200
30	36.03125	-120.53125	0.337928401746	39.03570175171	13.19127230400
31	36.09375	-120.34375	0.187618341844	39.00400161743	7.31786610873
31	36.09375	-120.40625	0.800549582226	39.00429916382	31.22487540060
31	36.09375	-120.46875	0.964718613344	39.00479888916	37.62865549810
31	36.09375	-120.53125	0.999038062425	39.00519943237	38.96767886540
31	36.09375	-120.59375	0.668956962328	39.00579833984	26.09320037060
31	36.09375	-120.65625	0.126318485453	39.00640106201	4.92722950511
31	36.15625	-120.34375	0.0122026710907	38.97349929810	0.47558079319
31	36.15625	-120.40625	0.363314876435	38.97380065918	14.15976157070
31	36.15625	-120.46875	0.86243312461	38.97430038452	33.61272766010
31	36.15625	-120.53125	0.894596418042	38.97470092773	34.86662784420
31	36.15625	-120.59375	0.999999873399	38.97529983521	38.97529490090
31	36.15625	-120.65625	0.510086725724	38.97589874268	19.88108857180
31	36.21875	-120.53125	0.037570418816	38.94419860840	1.46314985217
31	36.21875	-120.59375	0.227710200045	38.94469833374	8.86810504827
31	36.21875	-120.65625	0.0396377444732	38.94540023804	1.54370782304
31	36.03125	-120.46875	0.0983226060585	39.03519821167	3.83804241618
31	36.03125	-120.53125	0.099197922884	39.03570175171	3.87226053209
31	36.03125	-120.59375	0.0200986769712	39.03630065918	0.78457799710
32	36.15625	-120.34375	6.99335340446e-05	38.97349929810	0.00272555454
32	36.15625	-120.40625	0.51751870099	38.97380065918	20.16967068980
32	36.15625	-120.46875	0.137578491581	38.97430038452	5.36202545733
32	36.15625	-120.53125	0.105404743606	38.97470092773	4.10811835842
32	36.21875	-120.40625	0.2453710346	38.94329833984	9.55555740439
32	36.21875	-120.46875	1.00000039506	38.94369888306	38.94371426820
32	36.21875	-120.53125	0.962429568383	38.94419860840	37.48104825770
32	36.21875	-120.59375	0.772189371218	38.94469833374	30.07268211860
32	36.21875	-120.65625	0.292923391309	38.94540023804	11.40801871360
32	36.28125	-120.40625	0.135432696759	38.91270065308	5.27005198761
32	36.28125	-120.46875	0.986368065503	38.91310119629	38.38264034970
32	36.28125	-120.53125	1.00000000763	38.91360092163	38.91360121850
32	36.28125	-120.59375	1.00000116694	38.91410064697	38.91414605740
32	36.28125	-120.65625	0.78717268098	38.91469955444	30.63258837780
32	36.34375	-120.46875	0.120333156835	38.88249969482	4.67885393390
32	36.34375	-120.53125	0.217188021531	38.88299942017	8.44492171526
32	36.34375	-120.59375	0.219359406185	38.88349914551	8.52946128295
32	36.34375	-120.65625	0.0457473913988	38.88410186768	1.77884622733
33	36.15625	-120.34375	0.025235347313	38.97349929810	0.98350979079
33	36.15625	-120.40625	0.0169364338839	38.97380065918	0.66007719807
33	36.21875	-120.34375	0.586027068447	38.94290161133	22.82159446810
33	36.21875	-120.40625	0.759046263879	38.94329833984	29.55976510800
33	36.28125	-120.34375	0.185845826155	38.91230010986	7.23168856149
33	36.28125	-120.40625	0.633141032062	38.91270065308	24.63722745180
33	36.28125	-120.46875	5.17042011083e-05	38.91310119629	0.00201197081
34	36.15625	-120.28125	0.255883616874	38.97320175171	9.97260382540
34	36.15625	-120.34375	0.00284898641871	38.97349929810	0.11103497019
34	36.21875	-120.28125	0.201360808107	38.94260025024	7.84151345618
34	36.21875	-120.34375	0.0691079862312	38.94290161133	2.69126550836
35	36.15625	-120.21875	0.00830148765007	38.97290039062	0.32353305128
35	36.15625	-120.28125	0.0912443737734	38.97320175171	3.55608538778
35	36.21875	-120.21875	0.000790533854849	38.94240188599	0.03078528708
35	36.21875	-120.28125	0.0844934882452	38.94260025024	3.29039613648
36	36.21875	-120.28125	0.53827454908	38.94260025024	20.96181058970
36	36.21875	-120.34375	0.267634249081	38.94290161133	10.42245422980
36	36.28125	-120.28125	0.0338974542599	38.91199874878	1.31901769775
36	36.28125	-120.34375	0.0621660005127	38.91230010986	2.41902206858
37	36.28125	-120.28125	0.388778313218	38.91199874878	15.12814123750
37	36.28125	-120.34375	0.738226773588	38.91230010986	28.72610176300
37	36.28125	-120.40625	0.0435543178725	38.91270065308	1.69481613352
37	36.34375	-120.34375	0.0449748739038	38.88169860840	1.74869949208
38	36.28125	-120.34375	0.0136082387899	38.91230010986	0.52952787176
38	36.28125	-120.40625	0.1907723005	38.91270065308	7.42346542227
38	36.28125	-120.46875	0.0144846671905	38.91310119629	0.56364332018
38	36.34375	-120.34375	0.287090782721	38.88169860840	11.16257728700
38	36.34375	-120.40625	0.786350011937	38.88209915161	30.57493913200
38	36.34375	-120.46875	0.0300719385846	38.88249969482	1.16927214284
39	36.40625	-120.40625	0.105392415826	38.85139846802	4.09464274278
39	36.40625	-120.46875	0.217164916218	38.85179901123	8.43724767720
39	36.40625	-120.53125	0.00788326774657	38.85229873657	0.30628307351
39	36.34375	-120.40625	0.132719799175	38.88209915161	5.16042439090
39	36.34375	-120.46875	0.851335132896	38.88249969482	33.10203804500
39	36.34375	-120.53125	0.267986285003	38.88299942017	10.42011056440
3	34.90625	-119.34375	0.276954726362	39.57709884644	10.96106458120
3	34.90625	-119.40625	0.145022297727	39.57640075684	5.73946057352
3	34.96875	-119.28125	0.135010352023	39.54819869995	5.33941622836
3	34.96875	-119.34375	0.950288232487	39.54750061035	37.58152445430
3	34.96875	-119.40625	0.54407812111	39.54679870605	21.51654793590
3	35.03125	-119.34375	0.173320165629	39.51779937744	6.84923153339
3	35.03125	-119.40625	0.03479852532	39.51720046997	1.37514030113
40	36.40625	-120.40625	0.0469829850339	38.85139846802	1.82535467277
40	36.40625	-120.46875	0.728241219888	38.85179901123	28.29348150680
40	36.40625	-120.53125	0.806429506139	38.85229873657	31.33164008250
40	36.40625	-120.59375	0.576000529541	38.85279846191	22.37923248820
40	36.40625	-120.65625	0.00319880955392	38.85340118408	0.12428463091
40	36.46875	-120.46875	0.0137918842803	38.82109832764	0.53541609577
40	36.34375	-120.53125	0.516075957332	38.88299942017	20.06658114970
40	36.34375	-120.59375	0.508934260082	38.88349914551	19.78914486700
40	36.34375	-120.65625	0.0147895770345	38.88410186768	0.57507941999
41	36.40625	-120.46875	0.0148275362403	38.85179901123	0.57607645784
41	36.40625	-120.53125	0.185591712744	38.85229873657	7.21066466657
41	36.40625	-120.59375	0.274744466754	38.85279846191	10.67459139530
41	36.46875	-120.46875	0.400216230952	38.82109832764	15.53683365410
41	36.46875	-120.53125	0.485819163339	38.82149887085	18.86022810100
41	36.46875	-120.59375	0.233525135323	38.82210159302	9.06593652805
42	36.46875	-120.46875	0.0597616613992	38.82109832764	2.32001333340
42	36.46875	-120.53125	0.508371809068	38.82149887085	19.73575561170
42	36.46875	-120.59375	0.0751307134154	38.82210159302	2.91673218897
42	36.53125	-120.53125	0.227345309465	38.79069900513	8.81888346967
42	36.53125	-120.59375	0.015663083665	38.79130172729	0.60759140443
43	36.53125	-120.53125	0.189998916252	38.79069900513	7.37019077162
43	36.53125	-120.59375	0.25129828725	38.79130172729	9.74818768427
44	36.46875	-120.59375	0.667240327967	38.82210159302	25.90367179930
44	36.46875	-120.65625	0.278151471765	38.82270050049	10.79859128210
44	36.53125	-120.59375	0.672159712265	38.79130172729	26.07395020740
44	36.53125	-120.65625	0.330633767401	38.79190063477	12.82591225150
44	36.59375	-120.59375	0.0392570525158	38.76050186157	1.52162305712
44	36.59375	-120.65625	0.0089870582576	38.76110076904	0.34834827074
45	36.53125	-120.65625	0.0164087882175	38.79190063477	0.63652808207
45	36.59375	-120.59375	0.0162668677873	38.76050186157	0.63051195915
45	36.59375	-120.65625	0.303758729832	38.76110076904	11.77402273650
46	36.71875	-120.90625	0.0269252307796	38.70220184326	1.04206571631
46	36.71875	-120.96875	0.0139641862732	38.70309829712	0.54045727397
46	36.40625	-120.59375	0.149044395049	38.85279846191	5.79079184270
46	36.40625	-120.65625	0.887232817384	38.85340118408	34.47201259750
46	36.40625	-120.71875	0.701902218242	38.85409927368	27.27177846800
46	36.40625	-120.78125	0.244618666869	38.85480117798	9.50460966561
46	36.46875	-120.59375	0.0242142187346	38.82210159302	0.94004685971
46	36.46875	-120.65625	0.721854984651	38.82270050049	28.02435987390
46	36.46875	-120.71875	1.00000085292	38.82329940796	38.82333252110
46	36.46875	-120.78125	0.965782908104	38.82410049438	37.49565268000
46	36.46875	-120.84375	0.388049549277	38.82479858398	15.06594559130
46	36.46875	-120.90625	0.152648123341	38.82569885254	5.92667006725
46	36.53125	-120.65625	0.652903716605	38.79190063477	25.32737609860
46	36.53125	-120.71875	1.00000098756	38.79249954224	38.79253785220
46	36.53125	-120.78125	0.99999901298	38.79330062866	38.79326233890
46	36.53125	-120.84375	1.0000010746	38.79399871826	38.79404040630
46	36.53125	-120.90625	0.981226360399	38.79489898682	38.06657753490
46	36.53125	-120.96875	0.629267528265	38.79579925537	24.41293670450
46	36.53125	-121.03125	0.0668386917856	38.79669952393	2.59312064178
46	36.59375	-120.65625	0.445373039846	38.76110076904	17.26314927730
46	36.59375	-120.71875	1.00000024038	38.76169967651	38.76170899420
46	36.59375	-120.78125	1.00000064425	38.76240158081	38.76242655360
46	36.59375	-120.84375	1.00000009516	38.76319885254	38.76320254120
46	36.59375	-120.90625	1.00000101473	38.76399993896	38.76403927380
46	36.59375	-120.96875	1.00000089199	38.76490020752	38.76493478560
46	36.59375	-121.03125	0.34065461239	38.76589965820	13.20578252200
46	36.65625	-120.65625	0.0997655078467	38.73020172119	3.86393824372
46	36.65625	-120.71875	0.366553832933	38.73080062866	14.19692342300
46	36.65625	-120.78125	0.479125793169	38.73149871826	18.55726004400
46	36.65625	-120.84375	0.630793335893	38.73229980469	24.43207660060
46	36.65625	-120.90625	0.976512225382	38.73320007324	37.82344339970
46	36.65625	-120.96875	0.757896814584	38.73400115967	29.35637609500
46	36.65625	-121.03125	0.016179135585	38.73500061035	0.62669882676
46	36.34375	-120.65625	0.0212061296948	38.88410186768	0.82458130727
47	36.71875	-120.71875	0.220377765865	38.69990158081	8.52859784959
47	36.65625	-120.65625	0.0144726536881	38.73020172119	0.56052879678
47	36.65625	-120.71875	0.604861788188	38.73080062866	23.42678132620
47	36.65625	-120.78125	0.0971295114706	38.73149871826	3.76197154903
48	36.71875	-120.71875	0.251259373606	38.69990158081	9.72371302980
48	36.71875	-120.78125	0.760449286586	38.70059967041	29.42984340980
48	36.71875	-120.84375	0.202849176248	38.70140075684	7.85054726315
48	36.65625	-120.71875	0.0123124726863	38.73080062866	0.47687192486
48	36.65625	-120.78125	0.189860340776	38.73149871826	7.35357554540
49	36.71875	-120.78125	0.0842575836	38.70059967041	3.26081901210
49	36.71875	-120.84375	0.484750095971	38.70140075684	18.76050773110
49	36.71875	-120.90625	0.862079794494	38.70220184326	33.36438621150
49	36.71875	-120.96875	0.5211288534	38.70309829712	20.16930123860
49	36.78125	-120.90625	0.00028021730038	38.67119979858	0.01083633921
49	36.78125	-120.96875	0.203919520939	38.67210006714	7.88599611938
49	36.65625	-120.78125	0.233777403398	38.73149871826	9.05454920006
49	36.65625	-120.84375	0.369207181753	38.73229980469	14.30024325370
49	36.65625	-120.90625	0.023486545484	38.73320007324	0.90970906526
49	36.65625	-120.96875	0.00048586586685	38.73400115967	0.01881952905
4	35.09375	-119.40625	0.00276474848824	39.48749923706	0.10917300382
4	35.09375	-119.46875	0.173077483242	39.48690032959	6.83429333009
4	34.96875	-119.40625	0.315241376195	39.54679870605	12.46678724820
4	34.96875	-119.46875	0.244325244932	39.54629898071	9.66215918462
4	35.03125	-119.34375	2.48093065769e-05	39.51779937744	0.00098040920
4	35.03125	-119.40625	0.668380908331	39.51720046997	26.41254234480
4	35.03125	-119.46875	0.718912416465	39.51660156250	28.40897551980
50	36.71875	-120.90625	0.0723659908899	38.70220184326	2.80072318601
50	36.71875	-120.96875	5.15789636446e-06	38.70309829712	0.00019962657
50	36.78125	-120.84375	0.407608352188	38.67039871216	15.76237749750
50	36.78125	-120.90625	0.854978786182	38.67119979858	33.06305546400
50	36.78125	-120.96875	0.410693007267	38.67210006714	15.88236107390
50	36.84375	-120.84375	0.0558060555848	38.63940048218	2.15631253107
50	36.84375	-120.90625	0.112194775564	38.64020156860	4.33522874272
51	36.78125	-120.78125	0.122471432236	38.66960144043	4.73592147239
51	36.78125	-120.84375	0.0399199828034	38.67039871216	1.54372165159
51	36.84375	-120.78125	0.171786447604	38.63859939575	6.63758773058
51	36.84375	-120.84375	0.445662961454	38.63940048218	17.22014964770
51	36.84375	-120.90625	0.0688008500305	38.64020156860	2.65847871327
52	36.84375	-120.78125	0.0837402961243	38.63859939575	3.23560775523
52	36.84375	-120.84375	0.492048077984	38.63940048218	19.01244274170
52	36.84375	-120.90625	0.11076741276	38.64020156860	4.28007515627
52	36.90625	-120.78125	0.000125644477629	38.60749816895	0.00485081894
52	36.90625	-120.84375	0.354737221609	38.60829925537	13.69580080890
52	36.90625	-120.90625	0.000357231030972	38.60910034180	0.01379236872
53	36.78125	-120.90625	0.0797481296537	38.67119979858	3.08395585540
53	36.78125	-120.96875	0.15061710766	38.67210006714	5.82467985925
53	36.78125	-121.03125	0.0139367812161	38.67309951782	0.53897852693
53	36.84375	-120.84375	0.00648100537237	38.63940048218	0.25042216211
53	36.84375	-120.90625	0.708237231305	38.64020156860	27.36642937600
53	36.84375	-120.96875	0.96315113936	38.64110183716	37.21722126060
53	36.84375	-121.03125	0.350652288266	38.64199829102	13.54990512390
53	36.90625	-120.84375	0.345195382608	38.60829925537	13.32740663330
53	36.90625	-120.90625	0.926392914472	38.60910034180	35.76719699080
53	36.90625	-120.96875	0.294402892753	38.61000061035	11.36689586890
53	36.96875	-120.84375	0.0513868519815	38.57720184326	1.98236096098
53	36.96875	-120.90625	0.191979286884	38.57799911499	7.40617675950
54	36.78125	-120.96875	0.211985629589	38.67210006714	8.19792948027
54	36.78125	-121.03125	0.810987954256	38.67309951782	31.36341786270
54	36.78125	-121.09375	0.590958785703	38.67409896851	22.85479856460
54	36.84375	-120.96875	0.0368488006942	38.64110183716	1.42387826020
54	36.84375	-121.03125	0.6492389993	38.64199829102	25.08789230140
54	36.84375	-121.09375	0.987072341034	38.64310073853	38.14353591080
54	36.84375	-121.15625	0.292679286044	38.64410018921	11.31032765320
54	36.90625	-120.90625	0.0732508662604	38.60910034180	2.82815004557
54	36.90625	-120.96875	0.705678304763	38.61000061035	27.24623977760
54	36.90625	-121.03125	0.999999185254	38.61100006104	38.61096860290
54	36.90625	-121.09375	0.999999275647	38.61199951172	38.61197154300
54	36.90625	-121.15625	0.890710504944	38.61299896240	34.39300380320
54	36.90625	-121.21875	0.253783940418	38.61420059204	9.79966398234
54	36.96875	-120.90625	0.585701453174	38.57799911499	22.59519014220
54	36.96875	-120.96875	0.999162988103	38.57889938354	38.54660838580
54	36.96875	-121.03125	1.00000117123	38.57979965210	38.57984483780
54	36.96875	-121.09375	0.889445301983	38.58079910278	34.31551050870
54	36.96875	-121.15625	0.476713083007	38.58190155029	18.39249723630
54	36.96875	-121.21875	0.176543776569	38.58300018311	6.81158856370
54	37.03125	-120.90625	0.0168814461166	38.54690170288	0.65072744406
54	37.03125	-120.96875	0.10596916914	38.54769897461	4.08486763259
54	37.03125	-121.03125	0.254163353837	38.54869842529	9.79766647784
54	37.03125	-121.09375	0.106220220519	38.54970169067	4.09475781451
55	37.09375	-120.96875	0.000500719922843	38.51649856567	0.01928597819
55	37.09375	-121.03125	0.0017800314465	38.51750183105	0.06856236450
55	36.96875	-120.96875	0.000837108371313	38.57889938354	0.03229471963
55	37.03125	-120.90625	0.0532640338317	38.54690170288	2.05316347641
55	37.03125	-120.96875	0.714257673695	38.54769897461	27.53298979590
55	37.03125	-121.03125	0.031141387503	38.54869842529	1.20045995540
56	37.03125	-121.15625	1.00000073105	38.55070114136	38.55072932380
56	37.03125	-121.21875	0.657955146646	38.55179977417	25.36535507390
56	37.09375	-121.03125	0.207504852274	38.51750183105	7.99256852742
56	37.09375	-121.09375	0.713829831257	38.51850128174	27.49565527020
56	37.09375	-121.15625	0.991196469475	38.51950073242	38.18039313190
56	37.09375	-121.21875	0.546044411313	38.52059936523	21.03395800380
56	37.15625	-121.15625	0.0505770567863	38.48820114136	1.94661993473
56	37.15625	-121.21875	0.00247406579721	38.48929977417	0.09522506013
56	36.96875	-121.09375	0.110555899087	38.58079910278	4.26533493230
56	36.96875	-121.15625	0.523266918638	38.58190155029	20.18863273940
56	36.96875	-121.21875	0.481869465308	38.58300018311	18.59196966820
56	37.03125	-120.96875	0.00371909622736	38.54769897461	0.14336260183
56	37.03125	-121.03125	0.714732245827	38.54869842529	27.55199779920
56	37.03125	-121.09375	0.893779022348	38.54970169067	34.45491468890
57	37.09375	-121.03125	0.013685362151	38.51750183105	0.52712596171
57	37.09375	-121.09375	0.286085984078	38.51850128174	11.01960334440
57	37.09375	-121.15625	0.00880370014336	38.51950073242	0.33911413412
57	37.09375	-121.21875	0.0270100861621	38.52059936523	1.04044470787
57	37.15625	-121.09375	0.288184751779	38.48720169067	11.09142466590
57	37.15625	-121.15625	0.453964667523	38.48820114136	17.47228343470
57	37.15625	-121.21875	0.466076016346	38.48929977417	17.93893951070
58	37.15625	-121.09375	0.540790547382	38.48720169067	20.81351486950
58	37.15625	-121.15625	0.495458205819	38.48820114136	19.06929508270
58	37.15625	-121.21875	0.356428717584	38.48929977417	13.71869175920
58	37.15625	-121.28125	0.156433708443	38.49050140381	6.02121187443
58	37.21875	-121.09375	0.18213872026	38.45589828491	7.00430810006
58	37.21875	-121.15625	0.174787973291	38.45690155029	6.72180388101
58	37.21875	-121.21875	0.116320372022	38.45800018311	4.47344888854
58	37.21875	-121.28125	0.0986181365809	38.45920181274	3.79277481716
59	37.15625	-121.28125	0.115909834741	38.49050140381	4.46142765680
59	37.15625	-121.34375	0.147384289727	38.49169921875	5.67307174976
59	37.21875	-121.09375	0.257994514176	38.45589828491	9.92141079523
59	37.21875	-121.15625	0.825212634362	38.45690155029	31.73512103770
59	37.21875	-121.21875	0.8836804441	38.45800018311	33.98458268100
59	37.21875	-121.28125	0.901119977904	38.45920181274	34.65635508770
59	37.21875	-121.34375	0.3542710543	38.46039962769	13.62540632490
59	37.28125	-121.09375	0.0371158193929	38.42449951172	1.42615678414
59	37.28125	-121.15625	0.204179826311	38.42559814453	7.84573195506
59	37.28125	-121.21875	0.112052962127	38.42670059204	4.30582562612
59	37.28125	-121.28125	0.143317365395	38.42779922485	5.50737094282
59	37.28125	-121.34375	0.0158670679657	38.42910003662	0.60975714214
5	35.09375	-119.46875	0.301124467313	39.48690032959	11.89047182760
5	35.09375	-119.53125	0.542448299428	39.48640060425	21.41933085830
5	35.15625	-119.53125	0.178156027122	39.45660018921	7.02943113344
60	37.40625	-121.15625	0.126159583336	38.36270141602	4.83982242628
60	37.40625	-121.21875	0.233361545282	38.36380004883	8.95263566228
60	37.40625	-121.28125	0.0304096995566	38.36500167847	1.16666817453
60	37.34375	-121.15625	0.35260920939	38.39419937134	13.53814828550
60	37.34375	-121.21875	0.533431017796	38.39530181885	20.48124492780
60	37.34375	-121.28125	0.509844427132	38.39640045166	19.57619079220
60	37.34375	-121.34375	0.00481123864538	38.39759826660	0.18474000867
61	37.40625	-121.15625	0.300960063151	38.36270141602	11.54564104080
61	37.40625	-121.21875	0.755629791204	38.36380004883	28.98883022070
61	37.40625	-121.28125	0.840206224787	38.36500167847	32.23451322420
61	37.40625	-121.34375	0.0740379917377	38.36619949341	2.84055636110
61	37.46875	-121.15625	0.00124845472023	38.33119964600	0.04785476713
61	37.46875	-121.21875	0.101834137515	38.33229827881	3.90353653419
61	37.46875	-121.28125	0.00237689710273	38.33349990845	0.09111478487
61	37.34375	-121.28125	0.102265937352	38.39640045166	3.92664388313
61	37.34375	-121.34375	0.00809019698819	38.39759826660	0.31064413385
62	37.40625	-121.15625	0.0040733491663	38.36270141602	0.15626467783
62	37.40625	-121.21875	0.0110087365832	38.36380004883	0.42233696907
62	37.40625	-121.28125	0.12938299588	38.36500167847	4.96377885410
62	37.40625	-121.34375	0.825965200185	38.36619949341	31.68914564490
62	37.40625	-121.40625	0.612306978074	38.36740112305	23.49262743820
62	37.40625	-121.46875	0.110965698384	38.36880111694	4.25762081208
62	37.46875	-121.15625	0.0209970859329	38.33119964600	0.80484349288
62	37.46875	-121.21875	0.429274446333	38.33229827881	16.45507612030
62	37.46875	-121.28125	0.296952351102	38.33349990845	11.38322292380
62	37.46875	-121.34375	0.0691516870365	38.33470153809	2.65090928340
63	37.40625	-121.34375	0.00692695881659	38.36619949341	0.26576108384
63	37.40625	-121.40625	0.179784973939	38.36740112305	6.89788221103
63	37.40625	-121.46875	0.170299935121	38.36880111694	6.53420434087
63	37.46875	-121.21875	0.171955200821	38.33229827881	6.59143804847
63	37.46875	-121.28125	0.598343283276	38.33349990845	22.93659219470
63	37.46875	-121.34375	0.539955798864	38.33470153809	20.69904439320
63	37.46875	-121.40625	0.62452403181	38.33589935303	23.94169042700
63	37.46875	-121.46875	0.394872988734	38.33729934692	15.13836397310
63	37.53125	-121.21875	0.00541329939815	38.30080032349	0.20733369934
63	37.53125	-121.28125	0.159265661675	38.30189895630	6.10017728069
64	37.46875	-121.28125	0.102326290578	38.33349990845	3.92252485050
64	37.46875	-121.34375	0.275127217884	38.33470153809	10.54691978260
64	37.53125	-121.28125	0.276273640552	38.30189895630	10.58180506470
64	37.53125	-121.34375	0.816963496534	38.30310058594	31.29223498280
64	37.59375	-121.34375	0.000204745900082	38.27149963379	0.00783593264
65	37.46875	-121.34375	0.11576440511	38.33470153809	4.43779391862
65	37.46875	-121.40625	0.375476938786	38.33589935303	14.39424613470
65	37.46875	-121.46875	0.136375504816	38.33729934692	5.22826855172
65	37.53125	-121.34375	0.165573573714	38.30310058594	6.34198124835
65	37.53125	-121.40625	0.943604548882	38.30440139771	36.14420740110
65	37.53125	-121.46875	0.31851520122	38.30569839478	12.20094723210
65	37.59375	-121.34375	0.238571462714	38.27149963379	9.13048764788
65	37.59375	-121.40625	0.180935688033	38.27280044556	6.92491548158
66	37.53125	-121.40625	0.0563948620393	38.30440139771	2.16017143232
66	37.53125	-121.46875	0.360482446744	38.30569839478	13.80853188160
66	37.53125	-121.53125	0.0038200822426	38.30709838867	0.14633626632
66	37.59375	-121.34375	0.00121294822503	38.27149963379	0.04642134755
66	37.59375	-121.40625	0.661231143655	38.27280044556	25.30716760950
66	37.59375	-121.46875	0.728899969419	38.27410125732	27.89799123600
66	37.59375	-121.53125	0.135190152272	38.27550125122	5.17447084244
66	37.65625	-121.40625	0.0251839705767	38.24110031128	0.96306274506
66	37.65625	-121.46875	0.010987261771	38.24240112305	0.42017927189
67	37.53125	-121.46875	0.286203306247	38.30569839478	10.96321752870
67	37.53125	-121.53125	0.49119232704	38.30709838867	18.81615279970
67	37.53125	-121.59375	0.0133926429811	38.30849838257	0.51305204198
67	37.59375	-121.46875	0.271099895957	38.27410125732	10.37610486870
67	37.59375	-121.53125	0.864809133227	38.27550125122	33.10100306090
67	37.59375	-121.59375	0.571782283363	38.27690124512	21.88605399400
67	37.65625	-121.40625	0.0042417163013	38.24110031128	0.16220789857
67	37.65625	-121.46875	0.439573098627	38.24240112305	16.81033076060
67	37.65625	-121.53125	0.701603983583	38.24380111694	26.83200321100
67	37.65625	-121.59375	0.56230832099	38.24530029297	21.50565059350
68	37.65625	-121.46875	0.00320598237949	38.24240112305	0.12260446415
68	37.65625	-121.53125	0.175904237465	38.24380111694	6.72724667323
68	37.65625	-121.59375	0.0031138509045	38.24530029297	0.11909016291
68	37.71875	-121.53125	0.0425228188355	38.21210098267	1.62488624741
69	37.84375	-121.65625	8.04399303707e-05	38.15150070190	0.00306890406
69	37.65625	-121.53125	0.00335498113793	38.24380111694	0.12830723139
69	37.65625	-121.59375	0.261455822964	38.24530029297	9.99945646262
69	37.65625	-121.65625	0.000703835075395	38.24670028687	0.02691936918
69	37.71875	-121.53125	0.0263064221244	38.21210098267	1.00522365871
69	37.71875	-121.59375	0.782241612802	38.21350097656	29.89219063470
69	37.71875	-121.65625	0.388554652215	38.21500015259	14.84861609370
69	37.78125	-121.59375	0.286217259535	38.18180084229	10.92829040120
69	37.78125	-121.65625	0.445958002489	38.18330001831	17.02814820460
6	35.09375	-119.53125	0.0113334406665	39.48640060425	0.44751677838
6	35.09375	-119.59375	0.0168862930598	39.48600006104	0.66677216879
6	35.15625	-119.53125	0.19027960187	39.45660018921	7.50778617514
6	35.15625	-119.59375	0.711968533451	39.45619964600	28.09157259750
6	35.15625	-119.65625	0.0959620460624	39.45579910278	3.78625921093
6	35.21875	-119.59375	0.226955190941	39.42639923096	8.94802596559
6	35.21875	-119.65625	0.226496460084	39.42599868774	8.92984913803
70	37.84375	-121.59375	0.0227135537599	38.15000152588	0.86652211060
70	37.84375	-121.65625	0.675844610241	38.15150070190	25.78448612200
70	37.84375	-121.71875	0.105090229301	38.15299987793	4.00950750568
70	37.78125	-121.59375	0.0228210260226	38.18180084229	0.87134787061
70	37.78125	-121.65625	0.433567538012	38.18330001831	16.55503938210
70	37.78125	-121.71875	0.228551981367	38.18479919434	8.72721151398
71	37.84375	-121.65625	0.110493297108	38.15150070190	4.21548510219
71	37.84375	-121.71875	0.894909943342	38.15299987793	34.14349895910
71	37.84375	-121.78125	0.989267649353	38.15459823608	37.74510970900
71	37.84375	-121.84375	0.557421204233	38.15620040894	21.26907518090
71	37.84375	-121.90625	0.374835817899	38.15800094604	14.30298549400
71	37.90625	-121.65625	0.0711064407385	38.11959838867	2.71054896380
71	37.90625	-121.71875	0.545147054597	38.12120056152	20.78166020380
71	37.90625	-121.78125	0.544485034184	38.12269973755	20.75723946980
71	37.90625	-121.84375	0.767746518681	38.12440109253	29.26987621560
71	37.90625	-121.90625	0.279030601842	38.12609863281	10.63834824740
71	37.78125	-121.71875	0.517879521329	38.18479919434	19.77512552880
71	37.78125	-121.78125	0.234770431505	38.18640136719	8.96503792661
72	37.90625	-121.71875	0.180580656433	38.12120056152	6.88395142141
72	37.90625	-121.78125	0.455516106948	38.12269973755	17.36550377080
72	37.90625	-121.84375	0.213961481753	38.12440109253	8.15715334872
72	37.90625	-121.90625	0.00121025749381	38.12609863281	0.04614239658
72	37.96875	-121.71875	0.00759221478734	38.08929824829	0.28918213340
72	37.96875	-121.78125	0.331817347125	38.09080123901	12.63918861700
72	37.96875	-121.84375	0.227469690976	38.09249877930	8.66488892582
72	37.96875	-121.90625	0.00704089083757	38.09420013428	0.26821710469
73	37.96875	-121.78125	0.297733228202	38.09080123901	11.34089721770
73	37.96875	-121.84375	0.611087411715	38.09249877930	23.27784648480
74	37.96875	-121.84375	0.156640240831	38.09249877930	5.96681818264
74	37.96875	-121.90625	0.592607983452	38.09420013428	22.57492712280
75	37.96875	-121.90625	0.0783776451154	38.09420013428	2.98573369908
75	37.96875	-121.96875	0.0722204606513	38.09590148926	2.75130355448
76	38.34375	-122.03125	0.0035244312831	37.90530014038	0.13359462561
76	38.34375	-122.09375	0.890536469632	37.90710067749	33.75765561130
76	38.34375	-122.15625	0.986362057809	37.90900039673	37.39199964080
76	38.34375	-122.21875	0.340422200653	37.91090011597	12.90571204620
76	38.40625	-122.09375	0.281501136549	37.87490081787	10.66182762690
76	38.40625	-122.15625	0.716533982742	37.87670135498	27.13994367500
76	38.40625	-122.21875	0.166413990266	37.87870025635	6.30354565574
76	38.28125	-122.03125	0.0155961096192	37.93750000000	0.59167740868
76	38.28125	-122.09375	0.527567281791	37.93930053711	20.01553365740
76	38.28125	-122.15625	0.421450889373	37.94120025635	15.99035259190
77	38.34375	-122.03125	0.103718792694	37.90530014038	3.93149196725
77	38.34375	-122.09375	0.00576414565543	37.90710067749	0.21850204968
77	38.28125	-122.03125	0.243613151901	37.93750000000	9.24207395024
77	38.28125	-122.09375	0.0640008433636	37.93930053711	2.42814723100
78	38.34375	-122.03125	0.458240857539	37.90530014038	17.36975724160
78	38.34375	-122.09375	0.103699439891	37.90710067749	3.93094510814
78	38.40625	-122.03125	0.296963245746	37.87300109863	11.24688933240
78	38.40625	-122.09375	0.423181875073	37.87490081787	16.02797154630
79	38.40625	-122.03125	0.268478545786	37.87300109863	10.16808825950
79	38.46875	-122.03125	0.131135318514	37.84069824219	4.96225201677
7	35.21875	-119.59375	0.0482947342451	39.42639923096	1.90408747310
7	35.21875	-119.65625	0.666811819851	39.42599868774	26.28972193440
7	35.21875	-119.71875	0.244245232683	39.42570114136	9.62953954897
7	35.28125	-119.65625	0.170517652916	39.39619827271	6.71774726328
7	35.28125	-119.71875	0.0972350180784	39.39590072632	3.83066111934
80	38.53125	-122.03125	0.154026223779	37.80839920044	5.82348495597
80	38.53125	-122.09375	0.172774318894	37.81019973755	6.53263150692
80	38.59375	-122.03125	0.0772577421745	37.77600097656	2.91848854383
80	38.59375	-122.09375	0.34997945143	37.77790069580	13.22148896170
80	38.59375	-122.15625	0.0024010814919	37.77970123291	0.09071214140
81	38.59375	-122.03125	0.100002404913	37.77600097656	3.77769094566
81	38.59375	-122.09375	0.553993829917	37.77790069580	20.92872389270
81	38.59375	-122.15625	0.0442687505811	37.77970123291	1.67246017091
81	38.65625	-122.03125	0.0092254161746	37.74359893799	0.34820040813
81	38.65625	-122.09375	0.0267405747555	37.74539947510	1.00933367634
82	38.59375	-122.09375	0.0832405464624	37.77790069580	3.14465309812
82	38.59375	-122.15625	0.0804052943024	37.77970123291	3.03768799629
82	38.65625	-122.03125	0.0627814550534	37.74359893799	2.36959806028
82	38.65625	-122.09375	0.745366679075	37.74539947510	28.13416305710
82	38.65625	-122.15625	0.169396536551	37.74729919434	6.39426174768
82	38.71875	-122.09375	0.0952744072137	37.71300125122	3.59308383846
83	38.84375	-122.09375	0.149979520819	37.64789962769	5.64641394599
83	38.84375	-122.15625	0.155280366349	37.64970016479	5.84625923450
83	38.71875	-122.09375	0.0194562339381	37.71300125122	0.73375297485
83	38.78125	-122.09375	0.57334901476	37.68040084839	21.60402070220
83	38.78125	-122.15625	0.046277574426	37.68230056763	1.74384546906
84	38.84375	-122.09375	0.0136490496979	37.64789962769	0.51385805304
84	38.84375	-122.15625	0.380627460351	37.64970016479	14.33050975670
84	38.90625	-122.15625	0.191870108416	37.61709976196	7.21759700963
84	38.90625	-122.21875	0.00225924649704	37.61899948120	0.08499059280
85	38.90625	-122.15625	0.225441387218	37.61709976196	8.48045115346
85	38.90625	-122.21875	0.248768599534	37.61899948120	9.35842581682
85	38.96875	-122.21875	0.00120514592833	37.58639907837	0.04529709581
86	38.90625	-122.21875	0.172008065556	37.61899948120	6.47077132893
86	38.90625	-122.28125	0.206102789887	37.62099838257	7.75379272498
86	38.96875	-122.21875	0.0789816232774	37.58639907837	2.96863481236
86	38.96875	-122.28125	0.2871690216	37.58829879761	10.79419498930
87	38.90625	-122.28125	0.00670436267361	37.62099838257	0.25222481730
87	38.90625	-122.34375	0.00295429831338	37.62300109863	0.11114956869
87	38.96875	-122.28125	0.463266362712	37.58829879761	17.41339446450
87	38.96875	-122.34375	0.0733925243219	37.59030151367	2.75884711811
87	39.03125	-122.28125	0.234961257414	37.55559921265	8.82411081394
87	39.03125	-122.34375	0.0493794004281	37.55759811401	1.85457167639
88	39.03125	-122.28125	0.227196382457	37.55559921265	8.53249628211
88	39.03125	-122.34375	0.0954454699485	37.55759811401	3.58470260213
88	39.09375	-122.28125	0.0869951291609	37.52280044556	3.26430087124
88	39.09375	-122.34375	0.0121114097	37.52479934692	0.45447821880
89	39.03125	-122.34375	0.295201774516	37.55759811401	11.08706960980
89	39.09375	-122.28125	0.175853765835	37.52280044556	6.59852576303
89	39.09375	-122.34375	0.711057930078	37.52479934692	26.68230615020
8	35.28125	-119.65625	0.136773086478	39.39619827271	5.38833963325
8	35.28125	-119.71875	0.74704395662	39.39590072632	29.43046955320
8	35.28125	-119.78125	0.174667824186	39.39559936523	6.88114362361
8	35.34375	-119.71875	0.184915721228	39.36600112915	7.27939249064
8	35.34375	-119.78125	0.1210174827	39.36569976807	4.76393789066
90	39.03125	-122.34375	0.0414852480377	37.55759811401	1.55808627346
90	39.03125	-122.40625	0.0577646230112	37.55970001221	2.16962191162
90	39.09375	-122.28125	0.0316703698796	37.52280044556	1.18836096903
90	39.09375	-122.34375	0.276831465852	37.52479934692	10.38804520900
90	39.09375	-122.40625	0.472188680226	37.52690124512	17.71977797190
90	39.15625	-122.28125	0.135531347112	37.49000167847	5.08107043073
90	39.15625	-122.34375	0.748378002533	37.49200057983	28.05818850490
90	39.15625	-122.40625	0.612559459117	37.49409866333	22.96736479730
90	39.21875	-122.34375	0.0260477482216	37.45920181274	0.97572785740
90	39.21875	-122.40625	0.203594511851	37.46120071411	7.62689487276
91	39.15625	-122.28125	0.127827958293	37.49000167847	4.79227037097
91	39.15625	-122.34375	0.243898570168	37.49200057983	9.14424533414
91	39.21875	-122.28125	0.258380876238	37.45719909668	9.67822392402
91	39.21875	-122.34375	0.457471884718	37.45920181274	17.13653165330
91	39.28125	-122.34375	0.0353832641739	37.42630004883	1.32426466168
92	39.21875	-122.28125	0.0181864794087	37.45719909668	0.68121458008
92	39.21875	-122.34375	3.66678504488e-05	37.45920181274	0.00137354841
92	39.28125	-122.28125	0.154996512901	37.42430114746	5.80063617563
92	39.28125	-122.34375	0.192258005445	37.42630004883	7.19550579857
93	39.34375	-122.28125	0.0030324035706	37.39130020142	0.11338551224
93	39.34375	-122.34375	0.248755812228	37.39329910278	9.30180049018
93	39.34375	-122.40625	0.274537341095	37.39530181885	10.26640673080
93	39.15625	-122.34375	0.00772391578261	37.49200057983	0.28958505500
93	39.21875	-122.34375	0.516442665979	37.45920181274	19.34553004960
93	39.21875	-122.40625	0.422799623581	37.46120071411	15.83858156080
93	39.28125	-122.28125	0.229165485832	37.42430114746	8.57635815439
93	39.28125	-122.34375	0.772357724699	37.42630004883	28.90649194960
93	39.28125	-122.40625	0.348784737783	37.42829895020	13.05441943500
94	39.34375	-122.28125	0.402830682342	37.39130020142	15.06236297380
94	39.34375	-122.34375	0.738302085216	37.39329910278	27.60755070070
94	39.34375	-122.40625	0.725463879444	37.39530181885	27.12894073050
94	39.34375	-122.46875	0.258241406984	37.39739990234	9.65755716831
94	39.40625	-122.34375	0.248708741292	37.36029815674	9.29183272887
94	39.40625	-122.40625	0.465675899247	37.36240005493	17.39876924360
94	39.40625	-122.46875	0.0991588684387	37.36439895630	3.70501152040
94	39.21875	-122.40625	0.000745693991049	37.46120071411	0.02793459227
94	39.28125	-122.28125	0.0080536092811	37.42430114746	0.30140069906
94	39.28125	-122.40625	0.617025623097	37.42829895020	23.09421948120
94	39.28125	-122.46875	0.123383211066	37.43040084839	4.61828304817
95	39.34375	-122.28125	0.0423780129047	37.39130020142	1.58456900246
95	39.34375	-122.34375	0.0129425563249	37.39329910278	0.48396487981
95	39.40625	-122.28125	0.182877427791	37.35839843750	6.83200781265
95	39.40625	-122.34375	0.0841080294163	37.36029815674	3.14230105637
96	39.40625	-122.28125	0.134819066082	37.35839843750	5.03662438765
96	39.40625	-122.34375	0.667183967843	37.36029815674	24.92619196400
96	39.40625	-122.40625	0.380568843195	37.36240005493	14.21896536790
96	39.46875	-122.28125	0.0181576396597	37.32529830933	0.67773931689
96	39.46875	-122.34375	0.228382948861	37.32730102539	8.52491908121
96	39.46875	-122.40625	0.0293466022111	37.32929992676	1.09548811577
97	39.40625	-122.40625	0.0361820014994	37.36240005493	1.35184641481
97	39.46875	-122.28125	0.0762880505841	37.32529830933	2.84747424549
97	39.46875	-122.34375	0.637558328115	37.32730102539	23.79833163480
97	39.46875	-122.40625	0.826706121879	37.32929992676	30.86036077490
97	39.53125	-122.34375	0.0436622776409	37.29420089722	1.62834975397
97	39.53125	-122.40625	0.0956844388196	37.29619979858	3.56866594783
98	39.40625	-122.40625	0.117571934033	37.36240005493	4.39276963458
98	39.40625	-122.46875	0.227225696068	37.36439895630	8.49015156101
98	39.46875	-122.28125	0.00341792195183	37.32529830933	0.12757495645
98	39.46875	-122.34375	0.120822329141	37.32730102539	4.50997145045
98	39.46875	-122.40625	0.143947495086	37.32929992676	5.37345921776
98	39.46875	-122.46875	0.589076351146	37.33140182495	21.99104597020
98	39.53125	-122.34375	0.620799195462	37.29420089722	23.15220991240
98	39.53125	-122.40625	0.904316154451	37.29619979858	33.72755597750
98	39.53125	-122.46875	0.89518205353	37.29830169678	33.38877030610
98	39.53125	-122.53125	0.000558312727013	37.30039978027	0.02082528792
98	39.59375	-122.34375	0.0618624335445	37.26110076904	2.30506237012
98	39.59375	-122.40625	0.656132756941	37.26309967041	24.44954031890
98	39.59375	-122.46875	0.966532166257	37.26520156860	36.01801599810
98	39.59375	-122.53125	0.0674676063085	37.26729965210	2.51433550111
98	39.65625	-122.46875	0.030629109309	37.23199844360	1.14038295012
99	39.53125	-122.34375	0.00106276440483	37.29420089722	0.03963494922
99	39.59375	-122.34375	0.151763438405	37.26110076904	5.65487277147
99	39.59375	-122.40625	0.330661220864	37.26309967041	12.32146203020
99	39.59375	-122.46875	0.0248841720159	37.26520156860	0.92731368604
99	39.65625	-122.40625	0.166409223873	37.22990036011	6.19539882381
99	39.65625	-122.46875	0.218640022667	37.23199844360	8.14040498364
9	35.40625	-119.78125	0.0236556203163	39.33580017090	0.93051275368
9	35.28125	-119.78125	0.00346823853607	39.39559936523	0.13663333587
9	35.34375	-119.71875	0.159779269022	39.36600112915	6.28987088474
9	35.34375	-119.78125	0.764467781432	39.36569976807	30.09380916620
9	35.34375	-119.84375	0.0649499507505	39.36560058594	2.55679381932
